Workbook

Sheet Identitas
B2: Nama | C2: : | D2: Ana Kholifah
B3: Nama Atasan yang menilai | C3: : | D3: Julia Edwita
B4: Level Saat Ini | C4: : | D4: Officer
B5: Level Tujuan | C5: : | D5: Analyst
B6: Tanggal Assesment | C6: : | D6: 46050.561
B7: Unit | C7: : | D7: Human Capital Operation & Service
B8: Departemen | C8: : | D8: Human Capital Shared Service
B9: Divisi | C9: :
B10: Direktorat | C10: : | D10: Resources & Innovation
B12: Level Next Path | C12: : | D12: Unit Head/Specialist

Sheet mental agility
B2: =Identitas!B2 -> Nama | C2: =Identitas!D2 -> Ana Kholifah
B3: =Identitas!B3 -> Nama Atasan yang menilai | C3: =Identitas!D3 -> Julia Edwita
B4: =Identitas!B4 -> Level Saat Ini | C4: =Identitas!D4 -> Officer
B5: =Identitas!B5 -> Level Tujuan | C5: =Identitas!D5 -> Analyst
B6: =Identitas!B6 -> Tanggal Assesment | C6: =Identitas!D6 -> 46050.561
B7: =Identitas!B7 -> Unit | C7: =Identitas!D7 -> Human Capital Operation & Service
B8: =Identitas!B8 -> Departemen | C8: =Identitas!D8 -> Human Capital Shared Service
B9: =Identitas!B9 -> Divisi | C9: =Identitas!D9 -> 0
B10: =Identitas!B10 -> Direktorat | C10: =Identitas!D10 -> Resources & Innovation
A12: No | B12: Indikator | C12: Pernyataan Situasi | D12: Level 1 (Rendah) | E12: Level 2 (Cukup) | F12: Level 3 (Baik) | G12: Level 4 (Sangat Baik) | H12: Level 5 (Luar Biasa) | I12: Rating (1-5) self | J12: Komentar / Contoh Perilaku | K12: Rating (1-5) superior | L12: Komentar / Contoh Perilaku | M12: Self Awareness GAP Score Self - Sup | N12: Gap | O12: Keterangan | P12: Intepretasi
A13: 1 | B13: Analytical Thinking (memahami data & fakta dasar) | C13: Ketika menghadapi data, fakta, atau informasi baru dalam pekerjaan, perilaku yang paling sering ditunjukkan adalah… | D13: Kesulitan memahami informasi baru tanpa arahan detail. | E13: Memahami informasi dasar, tetapi masih membutuhkan bantuan untuk menarik kesimpulan. | F13: Mampu memahami data/fakta utama dan menarik kesimpulan yang relevan. | G13: Cepat memahami informasi kompleks dan menghubungkannya dengan konteks pekerjaan. | H13: Menangkap pola kompleks dan mengubahnya menjadi insight, rekomendasi, atau solusi baru. | I13: 4 | J13: Cepat memahami informasi kompleks dan menghubungkannya dengan konteks pekerjaan. | K13: 5 | L13: Menangkap pola kompleks dan mengubahnya menjadi insight, rekomendasi, atau solusi baru. | M13: =I13-K13 -> -1 | N13: {=_xlfn.IFS(M13>=2,"Major Positive Gap",M13>=1,"Minor Positive Gap",M13>=0,"No Gap",M13>=-1,"Minor Negative Gap",M13<=-2,"Major Negative Gap")} -> Minor Negative Gap | O13: {=_xlfn.SWITCH(N13,"No Gap","persepsi diri Selaras dengan penilaian Atasan","Minor Positive Gap","Self-assessment sedikit lebih tinggi dari superior assessment","Major Positive Gap","Self-assessment jauh lebih tinggi dari perilaku yang tampak menurut atasan","Minor Negative Gap","Self-assessment sedikit lebih rendah dari superior assessment","Major Negative Gap","Self-assessment jauh lebih rendah dari perilaku yang tampak menurut atasan","")} -> Self-assessment sedikit lebih rendah dari superior assessment | P13: {=_xlfn.SWITCH(N13,"No Gap","persepsi diri Selaras dengan perilaku yang ditunjukan","Minor Positive Gap","Individu merasa sudah sangat baik, tetapi atasan melihat baru cukup baik","Major Positive Gap","Ada potensi blind spot; perilaku belum terlihat sekuat persepsi diri","Minor Negative Gap","Individu mungkin kurang percaya diri atau belum menyadari kekuatannya","Major Negative Gap","Ada hidden strength; individu tidak menyadari bahwa perilakunya sudah terlihat kuat","")} -> Individu mungkin kurang percaya diri atau belum menyadari kekuatannya
A14: =A13+1 -> 2 | B14: Root Cause Analysis (mencari penyebab masalah) | C14: Ketika menghadapi masalah dalam pekerjaan, perilaku yang paling sering ditunjukkan adalah… | D14: Cenderung melihat gejala permukaan dan belum mampu memilah informasi penting. | E14: Mampu menemukan penyebab masalah sederhana dengan arahan. | F14: Mampu menganalisis informasi dan menemukan akar masalah utama. | G14: Mampu mengurai masalah kompleks serta membedakan gejala, penyebab, dan dampak. | H14: Cepat dan akurat menemukan akar masalah dalam situasi kompleks, ambigu, atau lintas fungsi. | I14: 5 | J14: Cepat dan akurat menemukan akar masalah dalam situasi kompleks, ambigu, atau lintas fungsi. | K14: 1 | L14: Cenderung melihat gejala permukaan dan belum mampu memilah informasi penting. | M14: =I14-K14 -> 4 | N14: {=_xlfn.IFS(M14>=2,"Major Positive Gap",M14>=1,"Minor Positive Gap",M14>=0,"No Gap",M14>=-1,"Minor Negative Gap",M14<=-2,"Major Negative Gap")} -> Major Positive Gap | O14: {=_xlfn.SWITCH(N14,"No Gap","persepsi diri Selaras dengan penilaian Atasan","Minor Positive Gap","Self-assessment sedikit lebih tinggi dari superior assessment","Major Positive Gap","Self-assessment jauh lebih tinggi dari perilaku yang tampak menurut atasan","Minor Negative Gap","Self-assessment sedikit lebih rendah dari superior assessment","Major Negative Gap","Self-assessment jauh lebih rendah dari perilaku yang tampak menurut atasan","")} -> Self-assessment jauh lebih tinggi dari perilaku yang tampak menurut atasan | P14: {=_xlfn.SWITCH(N14,"No Gap","persepsi diri Selaras dengan perilaku yang ditunjukan","Minor Positive Gap","Individu merasa sudah sangat baik, tetapi atasan melihat baru cukup baik","Major Positive Gap","Ada potensi blind spot; perilaku belum terlihat sekuat persepsi diri","Minor Negative Gap","Individu mungkin kurang percaya diri atau belum menyadari kekuatannya","Major Negative Gap","Ada hidden strength; individu tidak menyadari bahwa perilakunya sudah terlihat kuat","")} -> Ada potensi blind spot; perilaku belum terlihat sekuat persepsi diri
A15: =A14+1 -> 3 | B15: Critical Thinking & Inquisitiveness (mempertanyakan & mengevaluasi) | C15: Ketika menerima informasi, arahan, data, atau usulan, perilaku yang paling sering ditunjukkan adalah… | D15: Menerima informasi apa adanya tanpa klarifikasi. | E15: Mulai mengajukan pertanyaan dasar untuk memahami fakta. | F15: Rutin bertanya “mengapa” dan “bagaimana” untuk memahami alasan atau akar masalah. | G15: Menguji asumsi, membandingkan data, dan mencari perspektif pembanding. | H15: Membangun kerangka berpikir yang menghubungkan informasi kompleks, kontradiktif, atau belum lengkap. | I15: 1 | J15: Menerima informasi apa adanya tanpa klarifikasi. | K15: 2 | L15: Mulai mengajukan pertanyaan dasar untuk memahami fakta. | M15: =I15-K15 -> -1 | N15: {=_xlfn.IFS(M15>=2,"Major Positive Gap",M15>=1,"Minor Positive Gap",M15>=0,"No Gap",M15>=-1,"Minor Negative Gap",M15<=-2,"Major Negative Gap")} -> Minor Negative Gap | O15: {=_xlfn.SWITCH(N15,"No Gap","persepsi diri Selaras dengan penilaian Atasan","Minor Positive Gap","Self-assessment sedikit lebih tinggi dari superior assessment","Major Positive Gap","Self-assessment jauh lebih tinggi dari perilaku yang tampak menurut atasan","Minor Negative Gap","Self-assessment sedikit lebih rendah dari superior assessment","Major Negative Gap","Self-assessment jauh lebih rendah dari perilaku yang tampak menurut atasan","")} -> Self-assessment sedikit lebih rendah dari superior assessment | P15: {=_xlfn.SWITCH(N15,"No Gap","persepsi diri Selaras dengan perilaku yang ditunjukan","Minor Positive Gap","Individu merasa sudah sangat baik, tetapi atasan melihat baru cukup baik","Major Positive Gap","Ada potensi blind spot; perilaku belum terlihat sekuat persepsi diri","Minor Negative Gap","Individu mungkin kurang percaya diri atau belum menyadari kekuatannya","Major Negative Gap","Ada hidden strength; individu tidak menyadari bahwa perilakunya sudah terlihat kuat","")} -> Individu mungkin kurang percaya diri atau belum menyadari kekuatannya
A16: =A15+1 -> 4 | B16: Explaining Complexity (menjelaskan hal kompleks secara sederhana) | C16: Ketika harus menjelaskan ide, data, atau masalah kompleks kepada orang lain, perilaku yang paling sering ditunjukkan adalah… | D16: Penjelasan kurang terstruktur sehingga orang lain sulit memahami inti masalah. | E16: Mampu menjelaskan dengan contoh, tetapi masih bertele-tele atau kurang fokus. | F16: Menjelaskan isu kompleks dengan cukup jelas, runtut, dan mudah diikuti. | G16: Menyederhanakan konsep kompleks menjadi pesan yang mudah dipahami audiens berbeda. | H16: Mengemas kompleksitas menjadi narasi sederhana, meyakinkan, dan mendorong tindakan. | I16: 2 | J16: Mampu menjelaskan dengan contoh, tetapi masih bertele-tele atau kurang fokus. | K16: 3 | L16: Menjelaskan isu kompleks dengan cukup jelas, runtut, dan mudah diikuti. | M16: =I16-K16 -> -1 | N16: {=_xlfn.IFS(M16>=2,"Major Positive Gap",M16>=1,"Minor Positive Gap",M16>=0,"No Gap",M16>=-1,"Minor Negative Gap",M16<=-2,"Major Negative Gap")} -> Minor Negative Gap | O16: {=_xlfn.SWITCH(N16,"No Gap","persepsi diri Selaras dengan penilaian Atasan","Minor Positive Gap","Self-assessment sedikit lebih tinggi dari superior assessment","Major Positive Gap","Self-assessment jauh lebih tinggi dari perilaku yang tampak menurut atasan","Minor Negative Gap","Self-assessment sedikit lebih rendah dari superior assessment","Major Negative Gap","Self-assessment jauh lebih rendah dari perilaku yang tampak menurut atasan","")} -> Self-assessment sedikit lebih rendah dari superior assessment | P16: {=_xlfn.SWITCH(N16,"No Gap","persepsi diri Selaras dengan perilaku yang ditunjukan","Minor Positive Gap","Individu merasa sudah sangat baik, tetapi atasan melihat baru cukup baik","Major Positive Gap","Ada potensi blind spot; perilaku belum terlihat sekuat persepsi diri","Minor Negative Gap","Individu mungkin kurang percaya diri atau belum menyadari kekuatannya","Major Negative Gap","Ada hidden strength; individu tidak menyadari bahwa perilakunya sudah terlihat kuat","")} -> Individu mungkin kurang percaya diri atau belum menyadari kekuatannya
A17: =A16+1 -> 5 | B17: Intellectual Synthesis (menghubungkan berbagai informasi) | C17: Ketika dihadapkan pada beragam informasi atau konsep yang tampak terfragmentasi dan belum terintegrasi, perilaku yang paling khas ditunjukkan adalah… (dalam konteks menyintesis data, teori, atau temuan dari berbagai laporan dan riset yang berbeda) | D17: Menggunakan pengetahuan yang sudah dikenal dan memilih solusi konvensional. | E17: Mulai melihat kemiripan antar informasi, tetapi belum mampu menghubungkannya menjadi solusi. | F17: Menemukan hubungan antar informasi, data, atau konsep dari sumber berbeda. | G17: Menyintesis berbagai informasi menjadi pendekatan, rekomendasi, atau solusi baru. | H17: Membangun kerangka kerja baru dari berbagai informasi kompleks yang sebelumnya tampak tidak berkaitan. (Fokus pada data, konsep, dan informasi) | I17: 3 | J17: Menemukan hubungan antar informasi, data, atau konsep dari sumber berbeda. | K17: 4 | L17: Menyintesis berbagai informasi menjadi pendekatan, rekomendasi, atau solusi baru. | M17: =I17-K17 -> -1 | N17: {=_xlfn.IFS(M17>=2,"Major Positive Gap",M17>=1,"Minor Positive Gap",M17>=0,"No Gap",M17>=-1,"Minor Negative Gap",M17<=-2,"Major Negative Gap")} -> Minor Negative Gap | O17: {=_xlfn.SWITCH(N17,"No Gap","persepsi diri Selaras dengan penilaian Atasan","Minor Positive Gap","Self-assessment sedikit lebih tinggi dari superior assessment","Major Positive Gap","Self-assessment jauh lebih tinggi dari perilaku yang tampak menurut atasan","Minor Negative Gap","Self-assessment sedikit lebih rendah dari superior assessment","Major Negative Gap","Self-assessment jauh lebih rendah dari perilaku yang tampak menurut atasan","")} -> Self-assessment sedikit lebih rendah dari superior assessment | P17: {=_xlfn.SWITCH(N17,"No Gap","persepsi diri Selaras dengan perilaku yang ditunjukan","Minor Positive Gap","Individu merasa sudah sangat baik, tetapi atasan melihat baru cukup baik","Major Positive Gap","Ada potensi blind spot; perilaku belum terlihat sekuat persepsi diri","Minor Negative Gap","Individu mungkin kurang percaya diri atau belum menyadari kekuatannya","Major Negative Gap","Ada hidden strength; individu tidak menyadari bahwa perilakunya sudah terlihat kuat","")} -> Individu mungkin kurang percaya diri atau belum menyadari kekuatannya
A18: =A17+1 -> 6 | B18: Integrating Diverse Perspective (pengambilan keputusan melihat dari berbagai sudut pandang) | C18: Ketika harus mengambil keputusan yang melibatkan beragam perspektif dari para pemangku kepentingan, perilaku yang paling khas ditunjukkan adalah… (dalam konteks menampung, memediasi, dan mengintegrasikan berbagai aspirasi, pendapat, ataupun kepentingan yang berbeda dari berbagai pihak) | D18: Cenderung mencari informasi yang mendukung pendapat awal. | E18: Mulai mempertimbangkan perspektif lain, tetapi masih dominan pada sudut pandang sendiri. | F18: Mempertimbangkan berbagai faktor dan sudut pandang sebelum membuat keputusan. | G18: Secara aktif memadukan masukan berbagai pihak untuk memperkaya analisis dan mengurangi risiko. | H18: Menghubungkan perspektif yang berbeda atau bertentangan untuk menghasilkan solusi inovatif dan dapat diterima.(Fokus pada sudut pandang, kepentingan, dan opini orang) | I18: 4 | J18: Secara aktif memadukan masukan berbagai pihak untuk memperkaya analisis dan mengurangi risiko. | K18: 5 | L18: Menghubungkan perspektif yang berbeda atau bertentangan untuk menghasilkan solusi inovatif dan dapat diterima.(Fokus pada sudut pandang, kepentingan, dan opini orang) | M18: =I18-K18 -> -1 | N18: {=_xlfn.IFS(M18>=2,"Major Positive Gap",M18>=1,"Minor Positive Gap",M18>=0,"No Gap",M18>=-1,"Minor Negative Gap",M18<=-2,"Major Negative Gap")} -> Minor Negative Gap | O18: {=_xlfn.SWITCH(N18,"No Gap","persepsi diri Selaras dengan penilaian Atasan","Minor Positive Gap","Self-assessment sedikit lebih tinggi dari superior assessment","Major Positive Gap","Self-assessment jauh lebih tinggi dari perilaku yang tampak menurut atasan","Minor Negative Gap","Self-assessment sedikit lebih rendah dari superior assessment","Major Negative Gap","Self-assessment jauh lebih rendah dari perilaku yang tampak menurut atasan","")} -> Self-assessment sedikit lebih rendah dari superior assessment | P18: {=_xlfn.SWITCH(N18,"No Gap","persepsi diri Selaras dengan perilaku yang ditunjukan","Minor Positive Gap","Individu merasa sudah sangat baik, tetapi atasan melihat baru cukup baik","Major Positive Gap","Ada potensi blind spot; perilaku belum terlihat sekuat persepsi diri","Minor Negative Gap","Individu mungkin kurang percaya diri atau belum menyadari kekuatannya","Major Negative Gap","Ada hidden strength; individu tidak menyadari bahwa perilakunya sudah terlihat kuat","")} -> Individu mungkin kurang percaya diri atau belum menyadari kekuatannya
A19: =A18+1 -> 7 | B19: Creative Exploration (mencari pendekatan baru) | C19: Ketika menghadapi ide baru atau pendekatan yang belum terbukti, perilaku yang paling sering ditunjukkan adalah… | D19: Hanya menggunakan metode yang familiar dan menghindari pendekatan baru. | E19: Mau mendengarkan ide baru, tetapi lebih nyaman dengan cara yang sudah terbukti. | F19: Terbuka mencoba ide baru jika situasi, waktu, dan sumber daya mendukung. | G19: Aktif mencari ide baru sebagai peluang perbaikan, efisiensi, atau inovasi. | H19: Proaktif mengeksplorasi ide kreatif, menguji pendekatan baru, dan mendorong pembelajaran dari eksperimen. | I19: 5 | J19: Proaktif mengeksplorasi ide kreatif, menguji pendekatan baru, dan mendorong pembelajaran dari eksperimen. | K19: 1 | L19: Hanya menggunakan metode yang familiar dan menghindari pendekatan baru. | M19: =I19-K19 -> 4 | N19: {=_xlfn.IFS(M19>=2,"Major Positive Gap",M19>=1,"Minor Positive Gap",M19>=0,"No Gap",M19>=-1,"Minor Negative Gap",M19<=-2,"Major Negative Gap")} -> Major Positive Gap | O19: {=_xlfn.SWITCH(N19,"No Gap","persepsi diri Selaras dengan penilaian Atasan","Minor Positive Gap","Self-assessment sedikit lebih tinggi dari superior assessment","Major Positive Gap","Self-assessment jauh lebih tinggi dari perilaku yang tampak menurut atasan","Minor Negative Gap","Self-assessment sedikit lebih rendah dari superior assessment","Major Negative Gap","Self-assessment jauh lebih rendah dari perilaku yang tampak menurut atasan","")} -> Self-assessment jauh lebih tinggi dari perilaku yang tampak menurut atasan | P19: {=_xlfn.SWITCH(N19,"No Gap","persepsi diri Selaras dengan perilaku yang ditunjukan","Minor Positive Gap","Individu merasa sudah sangat baik, tetapi atasan melihat baru cukup baik","Major Positive Gap","Ada potensi blind spot; perilaku belum terlihat sekuat persepsi diri","Minor Negative Gap","Individu mungkin kurang percaya diri atau belum menyadari kekuatannya","Major Negative Gap","Ada hidden strength; individu tidak menyadari bahwa perilakunya sudah terlihat kuat","")} -> Ada potensi blind spot; perilaku belum terlihat sekuat persepsi diri
A20: =A19+1 -> 8 | B20: Breaking Patterned thinking (menciptakan solusi baru) | C20: Ketika menghadapi masalah lama yang membutuhkan cara baru, perilaku yang paling sering ditunjukkan adalah… | D20: Mengulang solusi lama tanpa mengevaluasi kesesuaiannya. | E20: Menyesuaikan solusi lama, tetapi masih menggunakan pola pikir yang sama. | F20: Mengevaluasi efektivitas solusi lama dan mulai mencari alternatif pendekatan. | G20: Membandingkan berbagai alternatif solusi dan memilih pendekatan yang lebih relevan. | H20: Menciptakan solusi baru yang efektif untuk masalah berulang, kompleks, atau tidak bisa diselesaikan dengan cara lama. | I20: 1 | J20: Mengulang solusi lama tanpa mengevaluasi kesesuaiannya. | K20: 2 | L20: Menyesuaikan solusi lama, tetapi masih menggunakan pola pikir yang sama. | M20: =I20-K20 -> -1 | N20: {=_xlfn.IFS(M20>=2,"Major Positive Gap",M20>=1,"Minor Positive Gap",M20>=0,"No Gap",M20>=-1,"Minor Negative Gap",M20<=-2,"Major Negative Gap")} -> Minor Negative Gap | O20: {=_xlfn.SWITCH(N20,"No Gap","persepsi diri Selaras dengan penilaian Atasan","Minor Positive Gap","Self-assessment sedikit lebih tinggi dari superior assessment","Major Positive Gap","Self-assessment jauh lebih tinggi dari perilaku yang tampak menurut atasan","Minor Negative Gap","Self-assessment sedikit lebih rendah dari superior assessment","Major Negative Gap","Self-assessment jauh lebih rendah dari perilaku yang tampak menurut atasan","")} -> Self-assessment sedikit lebih rendah dari superior assessment | P20: {=_xlfn.SWITCH(N20,"No Gap","persepsi diri Selaras dengan perilaku yang ditunjukan","Minor Positive Gap","Individu merasa sudah sangat baik, tetapi atasan melihat baru cukup baik","Major Positive Gap","Ada potensi blind spot; perilaku belum terlihat sekuat persepsi diri","Minor Negative Gap","Individu mungkin kurang percaya diri atau belum menyadari kekuatannya","Major Negative Gap","Ada hidden strength; individu tidak menyadari bahwa perilakunya sudah terlihat kuat","")} -> Individu mungkin kurang percaya diri atau belum menyadari kekuatannya
A21: =A20+1 -> 9 | B21: Comfort with Ambiguity (tetap efektif di situasi tidak jelas) | C21: Ketika menghadapi situasi kerja yang belum jelas arah, data, prioritas, atau keputusannya, perilaku yang paling sering ditunjukkan adalah… | D21: Sulit bergerak atau mengambil tindakan tanpa arahan jelas. | E21: Mulai bekerja dalam ketidakjelasan, tetapi mudah ragu atau menunggu arahan tambahan. | F21: Tetap bekerja dalam situasi ambigu dengan beberapa panduan. | G21: Nyaman menghadapi ketidakjelasan, tetap produktif, dan mampu membuat keputusan dengan informasi terbatas. | H21: Menggunakan ketidakjelasan sebagai ruang untuk menemukan peluang, pola baru, atau alternatif strategi. | I21: 2 | J21: Mulai bekerja dalam ketidakjelasan, tetapi mudah ragu atau menunggu arahan tambahan. | K21: 3 | L21: Tetap bekerja dalam situasi ambigu dengan beberapa panduan. | M21: =I21-K21 -> -1 | N21: {=_xlfn.IFS(M21>=2,"Major Positive Gap",M21>=1,"Minor Positive Gap",M21>=0,"No Gap",M21>=-1,"Minor Negative Gap",M21<=-2,"Major Negative Gap")} -> Minor Negative Gap | O21: {=_xlfn.SWITCH(N21,"No Gap","persepsi diri Selaras dengan penilaian Atasan","Minor Positive Gap","Self-assessment sedikit lebih tinggi dari superior assessment","Major Positive Gap","Self-assessment jauh lebih tinggi dari perilaku yang tampak menurut atasan","Minor Negative Gap","Self-assessment sedikit lebih rendah dari superior assessment","Major Negative Gap","Self-assessment jauh lebih rendah dari perilaku yang tampak menurut atasan","")} -> Self-assessment sedikit lebih rendah dari superior assessment | P21: {=_xlfn.SWITCH(N21,"No Gap","persepsi diri Selaras dengan perilaku yang ditunjukan","Minor Positive Gap","Individu merasa sudah sangat baik, tetapi atasan melihat baru cukup baik","Major Positive Gap","Ada potensi blind spot; perilaku belum terlihat sekuat persepsi diri","Minor Negative Gap","Individu mungkin kurang percaya diri atau belum menyadari kekuatannya","Major Negative Gap","Ada hidden strength; individu tidak menyadari bahwa perilakunya sudah terlihat kuat","")} -> Individu mungkin kurang percaya diri atau belum menyadari kekuatannya
A22: =A21+1 -> 10 | B22: Tolerance for Ambiguity (mampu memimpin dalam uncertainty tinggi) | C22: Ketika menghadapi atau memimpin situasi dengan ketidakpastian tinggi dan berdampak luas, perilaku yang paling sering ditunjukkan adalah… | D22: Bingung, reaktif, atau menunda keputusan ketika arah belum jelas. | E22: Mampu beradaptasi setelah mendapat arahan atau keputusan dari pihak lain. | F22: Menjaga produktivitas diri/tim dalam situasi tidak pasti dengan dukungan tertentu. | G22: Memberi arah, menjaga ketenangan, dan mengambil keputusan dalam ketidakpastian tinggi. | H22: Memimpin organisasi atau fungsi melewati ketidakpastian, membangun arah strategis, dan menciptakan peluang baru. | I22: 3 | J22: Menjaga produktivitas diri/tim dalam situasi tidak pasti dengan dukungan tertentu. | K22: 4 | L22: Memberi arah, menjaga ketenangan, dan mengambil keputusan dalam ketidakpastian tinggi. | M22: =I22-K22 -> -1 | N22: {=_xlfn.IFS(M22>=2,"Major Positive Gap",M22>=1,"Minor Positive Gap",M22>=0,"No Gap",M22>=-1,"Minor Negative Gap",M22<=-2,"Major Negative Gap")} -> Minor Negative Gap | O22: {=_xlfn.SWITCH(N22,"No Gap","persepsi diri Selaras dengan penilaian Atasan","Minor Positive Gap","Self-assessment sedikit lebih tinggi dari superior assessment","Major Positive Gap","Self-assessment jauh lebih tinggi dari perilaku yang tampak menurut atasan","Minor Negative Gap","Self-assessment sedikit lebih rendah dari superior assessment","Major Negative Gap","Self-assessment jauh lebih rendah dari perilaku yang tampak menurut atasan","")} -> Self-assessment sedikit lebih rendah dari superior assessment | P22: {=_xlfn.SWITCH(N22,"No Gap","persepsi diri Selaras dengan perilaku yang ditunjukan","Minor Positive Gap","Individu merasa sudah sangat baik, tetapi atasan melihat baru cukup baik","Major Positive Gap","Ada potensi blind spot; perilaku belum terlihat sekuat persepsi diri","Minor Negative Gap","Individu mungkin kurang percaya diri atau belum menyadari kekuatannya","Major Negative Gap","Ada hidden strength; individu tidak menyadari bahwa perilakunya sudah terlihat kuat","")} -> Individu mungkin kurang percaya diri atau belum menyadari kekuatannya
A23: AVERAGE SCORE | I23: =AVERAGE(I13:J22) -> 3 | J23: =AVERAGE(J13:K22) -> 3 | K23: =AVERAGE(K13:L22) -> 3 | M23: =I23-K23 -> 0 | N23: {=_xlfn.IFS(VALUE(M23)>=1,"Major Positive Gap",VALUE(M23)>=0.5,"Minor Positive Gap",VALUE(M23)>=-0.49,"Aligned",VALUE(M23)>=-0.99,"Minor Negative Gap",VALUE(M23)<=-1,"Major Negative Gap")} -> Aligned | O23: {=_xlfn.SWITCH(N23,"Aligned","Aligned Perception","Minor Positive Gap","Slight Overestimation","Major Positive Gap","Significant Overestimation / Potential Blind Spot","Minor Negative Gap","Slight Underestimation","Major Negative Gap","Significant Underestimation / Hidden Strength","")} -> Aligned Perception

Sheet people agility
B2: =Identitas!B2 -> Nama | C2: =Identitas!D2 -> Ana Kholifah
B3: =Identitas!B3 -> Nama Atasan yang menilai | C3: =Identitas!D3 -> Julia Edwita
B4: =Identitas!B4 -> Level Saat Ini | C4: =Identitas!D4 -> Officer
B5: =Identitas!B5 -> Level Tujuan | C5: =Identitas!D5 -> Analyst
B6: =Identitas!B6 -> Tanggal Assesment | C6: =Identitas!D6 -> 46050.561
B7: =Identitas!B7 -> Unit | C7: =Identitas!D7 -> Human Capital Operation & Service
B8: =Identitas!B8 -> Departemen | C8: =Identitas!D8 -> Human Capital Shared Service
B9: =Identitas!B9 -> Divisi | C9: =Identitas!D9 -> 0
B10: =Identitas!B10 -> Direktorat | C10: =Identitas!D10 -> Resources & Innovation
A12: No | B12: Indikator | C12: Pernyataan Situasi | D12: Level 1 (Rendah) | E12: Level 2 (Cukup) | F12: Level 3 (Baik) | G12: Level 4 (Sangat Baik) | H12: Level 5 (Luar Biasa) | I12: Rating (1-5) self | J12: Komentar / Contoh Perilaku | K12: Rating (1-5) superior | L12: Komentar / Contoh Perilaku | M12: Self Awareness GAP Score Self - Sup | N12: Gap | O12: Keterangan | P12: Intepretasi
A13: 1 | B13: Listening for understanding (mendengarkan & memahami dasar) | C13: Ketika mendengarkan penjelasan, keluhan, masukan, atau ide dari orang lain, perilaku yang paling sering ditunjukkan adalah… | D13: Perhatian mudah teralihkan atau cenderung menunggu giliran bicara. | E13: Mendengarkan bagian yang dianggap relevan saja dan belum menangkap konteks utuh. | F13: Memberikan perhatian penuh, mengajukan klarifikasi, dan merangkum poin utama. | G13: Mendengarkan untuk memahami makna, emosi, dan nada di balik kata-kata. | H13: Menghubungkan isu, kebutuhan, dan emosi pihak lain untuk mendorong konsensus atau tindak lanjut. | I13: 4 | J13: Mendengarkan untuk memahami makna, emosi, dan nada di balik kata-kata. | K13: 5 | L13: Menghubungkan isu, kebutuhan, dan emosi pihak lain untuk mendorong konsensus atau tindak lanjut. | M13: =I13-K13 -> -1 | N13: {=_xlfn.IFS(M13>=2,"Major Positive Gap",M13>=1,"Minor Positive Gap",M13>=0,"No Gap",M13>=-1,"Minor Negative Gap",M13<=-2,"Major Negative Gap")} -> Minor Negative Gap | O13: {=_xlfn.SWITCH(N13,"No Gap","persepsi diri Selaras dengan penilaian Atasan","Minor Positive Gap","Self-assessment sedikit lebih tinggi dari superior assessment","Major Positive Gap","Self-assessment jauh lebih tinggi dari perilaku yang tampak menurut atasan","Minor Negative Gap","Self-assessment sedikit lebih rendah dari superior assessment","Major Negative Gap","Self-assessment jauh lebih rendah dari perilaku yang tampak menurut atasan","")} -> Self-assessment sedikit lebih rendah dari superior assessment | P13: {=_xlfn.SWITCH(N13,"No Gap","persepsi diri Selaras dengan perilaku yang ditunjukan","Minor Positive Gap","Individu merasa sudah sangat baik, tetapi atasan melihat baru cukup baik","Major Positive Gap","Ada potensi blind spot; perilaku belum terlihat sekuat persepsi diri","Minor Negative Gap","Individu mungkin kurang percaya diri atau belum menyadari kekuatannya","Major Negative Gap","Ada hidden strength; individu tidak menyadari bahwa perilakunya sudah terlihat kuat","")} -> Individu mungkin kurang percaya diri atau belum menyadari kekuatannya
A14: 2 | B14: Openness to Feedback (menerima & mencari masukan) | C14: Ketika menerima masukan atau umpan balik dari orang lain, perilaku yang paling sering ditunjukkan adalah… | D14: Defensif, menolak, atau membenarkan diri saat menerima feedback. | E14: Menerima feedback positif/ringan, tetapi belum terbuka pada kritik menantang. | F14: Meminta klarifikasi atau contoh agar memahami feedback dengan tepat. | G14: Menindaklanjuti feedback melalui perubahan perilaku atau peningkatan keterampilan. | H14: Secara rutin meminta feedback spesifik, jujur, dan menantang dari berbagai sumber. | I14: 5 | J14: Secara rutin meminta feedback spesifik, jujur, dan menantang dari berbagai sumber. | K14: 1 | L14: Defensif, menolak, atau membenarkan diri saat menerima feedback. | M14: =I14-K14 -> 4 | N14: {=_xlfn.IFS(M14>=2,"Major Positive Gap",M14>=1,"Minor Positive Gap",M14>=0,"No Gap",M14>=-1,"Minor Negative Gap",M14<=-2,"Major Negative Gap")} -> Major Positive Gap | O14: {=_xlfn.SWITCH(N14,"No Gap","persepsi diri Selaras dengan penilaian Atasan","Minor Positive Gap","Self-assessment sedikit lebih tinggi dari superior assessment","Major Positive Gap","Self-assessment jauh lebih tinggi dari perilaku yang tampak menurut atasan","Minor Negative Gap","Self-assessment sedikit lebih rendah dari superior assessment","Major Negative Gap","Self-assessment jauh lebih rendah dari perilaku yang tampak menurut atasan","")} -> Self-assessment jauh lebih tinggi dari perilaku yang tampak menurut atasan | P14: {=_xlfn.SWITCH(N14,"No Gap","persepsi diri Selaras dengan perilaku yang ditunjukan","Minor Positive Gap","Individu merasa sudah sangat baik, tetapi atasan melihat baru cukup baik","Major Positive Gap","Ada potensi blind spot; perilaku belum terlihat sekuat persepsi diri","Minor Negative Gap","Individu mungkin kurang percaya diri atau belum menyadari kekuatannya","Major Negative Gap","Ada hidden strength; individu tidak menyadari bahwa perilakunya sudah terlihat kuat","")} -> Ada potensi blind spot; perilaku belum terlihat sekuat persepsi diri
A15: 3 | B15: Genuine Curiosity about Others (rasa ingin tahu tulus pada orang lain) | C15: Ketika berinteraksi dengan rekan kerja, anggota tim, atau stakeholder, perilaku yang paling sering ditunjukkan adalah… | D15: Kurang menunjukkan ketertarikan memahami orang lain dan cepat menyimpulkan. | E15: Bertanya seperlunya hanya untuk memenuhi kebutuhan tugas. | F15: Menunjukkan rasa ingin tahu terhadap kebutuhan, alasan, pengalaman, atau konteks orang lain. | G15: Aktif menggali motivasi, kekhawatiran, harapan, dan cara pandang orang lain. | H15: Membangun pemahaman mendalam sehingga tercipta kepercayaan dan kolaborasi lebih kuat. | I15: 1 | J15: Kurang menunjukkan ketertarikan memahami orang lain dan cepat menyimpulkan. | K15: 2 | L15: Bertanya seperlunya hanya untuk memenuhi kebutuhan tugas. | M15: =I15-K15 -> -1 | N15: {=_xlfn.IFS(M15>=2,"Major Positive Gap",M15>=1,"Minor Positive Gap",M15>=0,"No Gap",M15>=-1,"Minor Negative Gap",M15<=-2,"Major Negative Gap")} -> Minor Negative Gap | O15: {=_xlfn.SWITCH(N15,"No Gap","persepsi diri Selaras dengan penilaian Atasan","Minor Positive Gap","Self-assessment sedikit lebih tinggi dari superior assessment","Major Positive Gap","Self-assessment jauh lebih tinggi dari perilaku yang tampak menurut atasan","Minor Negative Gap","Self-assessment sedikit lebih rendah dari superior assessment","Major Negative Gap","Self-assessment jauh lebih rendah dari perilaku yang tampak menurut atasan","")} -> Self-assessment sedikit lebih rendah dari superior assessment | P15: {=_xlfn.SWITCH(N15,"No Gap","persepsi diri Selaras dengan perilaku yang ditunjukan","Minor Positive Gap","Individu merasa sudah sangat baik, tetapi atasan melihat baru cukup baik","Major Positive Gap","Ada potensi blind spot; perilaku belum terlihat sekuat persepsi diri","Minor Negative Gap","Individu mungkin kurang percaya diri atau belum menyadari kekuatannya","Major Negative Gap","Ada hidden strength; individu tidak menyadari bahwa perilakunya sudah terlihat kuat","")} -> Individu mungkin kurang percaya diri atau belum menyadari kekuatannya
A16: 4 | B16: Collaboration with Diversity (Bekerja efektif dalam keberagaman) | C16: Dalam kolaborasi dengan pihak yang memiliki latar belakang, fungsi, gaya kerja, atau pandangan berbeda, perilaku yang paling sering ditunjukkan adalah… | D16: Berinteraksi hanya jika dibutuhkan dan lebih memilih bekerja dengan orang yang serupa. | E16: Bersedia bekerja dalam tim beragam jika diarahkan atasan atau pihak lain. | F16: Menyesuaikan gaya komunikasi agar efektif bekerja dengan pihak berbeda. | G16: Memanfaatkan keberagaman perspektif untuk menghasilkan ide, solusi, atau keputusan lebih baik. | H16: Membangun kolaborasi lintas perbedaan yang menghasilkan output unggul dan budaya kerja inklusif. | I16: 2 | J16: Bersedia bekerja dalam tim beragam jika diarahkan atasan atau pihak lain. | K16: 3 | L16: Menyesuaikan gaya komunikasi agar efektif bekerja dengan pihak berbeda. | M16: =I16-K16 -> -1 | N16: {=_xlfn.IFS(M16>=2,"Major Positive Gap",M16>=1,"Minor Positive Gap",M16>=0,"No Gap",M16>=-1,"Minor Negative Gap",M16<=-2,"Major Negative Gap")} -> Minor Negative Gap | O16: {=_xlfn.SWITCH(N16,"No Gap","persepsi diri Selaras dengan penilaian Atasan","Minor Positive Gap","Self-assessment sedikit lebih tinggi dari superior assessment","Major Positive Gap","Self-assessment jauh lebih tinggi dari perilaku yang tampak menurut atasan","Minor Negative Gap","Self-assessment sedikit lebih rendah dari superior assessment","Major Negative Gap","Self-assessment jauh lebih rendah dari perilaku yang tampak menurut atasan","")} -> Self-assessment sedikit lebih rendah dari superior assessment | P16: {=_xlfn.SWITCH(N16,"No Gap","persepsi diri Selaras dengan perilaku yang ditunjukan","Minor Positive Gap","Individu merasa sudah sangat baik, tetapi atasan melihat baru cukup baik","Major Positive Gap","Ada potensi blind spot; perilaku belum terlihat sekuat persepsi diri","Minor Negative Gap","Individu mungkin kurang percaya diri atau belum menyadari kekuatannya","Major Negative Gap","Ada hidden strength; individu tidak menyadari bahwa perilakunya sudah terlihat kuat","")} -> Individu mungkin kurang percaya diri atau belum menyadari kekuatannya
A17: 5 | B17: Valuing Diverse Opinions (Menghargai opini berbeda dalam pengambilan keputusan) | C17: Ketika dihadapkan pada beragam pendapat dalam diskusi atau proses pengambilan keputusan, perilaku yang paling khas ditunjukkan adalah… (dengan fokus pada tingkat respek, ruang yang diberikan, serta pertimbangan bobot terhadap opini pihak lain sebelum keputusan akhir ditetapkan) | D17: Meremehkan, menolak, atau mengabaikan pendapat yang tidak sesuai. | E17: Mendengarkan pendapat berbeda, tetapi masih sulit menerimanya sebagai masukan bernilai. | F17: Menghargai perbedaan pendapat dan memberi ruang orang lain menyampaikan pandangan. | G17: Mempertimbangkan pendapat berbeda secara serius sebelum mengambil keputusan. | H17: Mengintegrasikan berbagai pendapat untuk menciptakan solusi terbaik yang seimbang dan dapat diterima. | I17: 3 | J17: Menghargai perbedaan pendapat dan memberi ruang orang lain menyampaikan pandangan. | K17: 4 | L17: Mempertimbangkan pendapat berbeda secara serius sebelum mengambil keputusan. | M17: =I17-K17 -> -1 | N17: {=_xlfn.IFS(M17>=2,"Major Positive Gap",M17>=1,"Minor Positive Gap",M17>=0,"No Gap",M17>=-1,"Minor Negative Gap",M17<=-2,"Major Negative Gap")} -> Minor Negative Gap | O17: {=_xlfn.SWITCH(N17,"No Gap","persepsi diri Selaras dengan penilaian Atasan","Minor Positive Gap","Self-assessment sedikit lebih tinggi dari superior assessment","Major Positive Gap","Self-assessment jauh lebih tinggi dari perilaku yang tampak menurut atasan","Minor Negative Gap","Self-assessment sedikit lebih rendah dari superior assessment","Major Negative Gap","Self-assessment jauh lebih rendah dari perilaku yang tampak menurut atasan","")} -> Self-assessment sedikit lebih rendah dari superior assessment | P17: {=_xlfn.SWITCH(N17,"No Gap","persepsi diri Selaras dengan perilaku yang ditunjukan","Minor Positive Gap","Individu merasa sudah sangat baik, tetapi atasan melihat baru cukup baik","Major Positive Gap","Ada potensi blind spot; perilaku belum terlihat sekuat persepsi diri","Minor Negative Gap","Individu mungkin kurang percaya diri atau belum menyadari kekuatannya","Major Negative Gap","Ada hidden strength; individu tidak menyadari bahwa perilakunya sudah terlihat kuat","")} -> Individu mungkin kurang percaya diri atau belum menyadari kekuatannya
A18: 6 | B18: Understanding Different Perspectives (Analisis multi-sudut pandang untuk pemahaman mendalam) | C18: Ketika muncul perbedaan sudut pandang, kepentingan, atau cara pandang dalam melihat suatu masalah, perilaku yang paling khas ditunjukkan adalah… (dengan fokus pada kedalaman pemetaan kognitif terhadap kepentingan, batasan, dan kebutuhan yang mendasari sudut pandang pihak lain, terlepas dari keputusan akhir yang akan diambil) | D18: Sulit memahami sudut pandang lain dan bertahan pada pandangan sendiri. | E18: Mencoba memahami sudut pandang lain, tetapi sering kembali ke perspektif awal. | F18: Menerima perspektif berbeda jika dijelaskan secara logis dan relevan. | G18: Menganalisis kebutuhan, kepentingan, batasan, dan sudut pandang berbagai pihak. | H18: Memetakan perspektif berbeda atau bertentangan untuk membangun pemahaman dan keputusan lebih matang. | I18: 4 | J18: Menganalisis kebutuhan, kepentingan, batasan, dan sudut pandang berbagai pihak. | K18: 5 | L18: Memetakan perspektif berbeda atau bertentangan untuk membangun pemahaman dan keputusan lebih matang. | M18: =I18-K18 -> -1 | N18: {=_xlfn.IFS(M18>=2,"Major Positive Gap",M18>=1,"Minor Positive Gap",M18>=0,"No Gap",M18>=-1,"Minor Negative Gap",M18<=-2,"Major Negative Gap")} -> Minor Negative Gap | O18: {=_xlfn.SWITCH(N18,"No Gap","persepsi diri Selaras dengan penilaian Atasan","Minor Positive Gap","Self-assessment sedikit lebih tinggi dari superior assessment","Major Positive Gap","Self-assessment jauh lebih tinggi dari perilaku yang tampak menurut atasan","Minor Negative Gap","Self-assessment sedikit lebih rendah dari superior assessment","Major Negative Gap","Self-assessment jauh lebih rendah dari perilaku yang tampak menurut atasan","")} -> Self-assessment sedikit lebih rendah dari superior assessment | P18: {=_xlfn.SWITCH(N18,"No Gap","persepsi diri Selaras dengan perilaku yang ditunjukan","Minor Positive Gap","Individu merasa sudah sangat baik, tetapi atasan melihat baru cukup baik","Major Positive Gap","Ada potensi blind spot; perilaku belum terlihat sekuat persepsi diri","Minor Negative Gap","Individu mungkin kurang percaya diri atau belum menyadari kekuatannya","Major Negative Gap","Ada hidden strength; individu tidak menyadari bahwa perilakunya sudah terlihat kuat","")} -> Individu mungkin kurang percaya diri atau belum menyadari kekuatannya
A19: 7 | B19: Empathy (Merasakan & memahami emosi orang lain) | C19: Ketika menghadapi situasi yang melibatkan emosi, tekanan, atau perasaan orang lain, perilaku yang paling sering ditunjukkan adalah… | D19: Kurang menyadari atau salah menafsirkan emosi orang lain sehingga respons kurang sesuai. | E19: Menyadari emosi yang terlihat jelas, tetapi belum memahami konteks atau penyebabnya. | F19: Mengamati ekspresi, nada bicara, dan situasi orang lain serta menunjukkan perhatian. | G19: Menggali penyebab perasaan orang lain dan memberi respons, dukungan, atau arahan tepat. | H19: Membaca dinamika emosi individu/kelompok, merespons empatik, dan menjaga hubungan kerja produktif. | I19: 5 | J19: Membaca dinamika emosi individu/kelompok, merespons empatik, dan menjaga hubungan kerja produktif. | K19: 1 | L19: Kurang menyadari atau salah menafsirkan emosi orang lain sehingga respons kurang sesuai. | M19: =I19-K19 -> 4 | N19: {=_xlfn.IFS(M19>=2,"Major Positive Gap",M19>=1,"Minor Positive Gap",M19>=0,"No Gap",M19>=-1,"Minor Negative Gap",M19<=-2,"Major Negative Gap")} -> Major Positive Gap | O19: {=_xlfn.SWITCH(N19,"No Gap","persepsi diri Selaras dengan penilaian Atasan","Minor Positive Gap","Self-assessment sedikit lebih tinggi dari superior assessment","Major Positive Gap","Self-assessment jauh lebih tinggi dari perilaku yang tampak menurut atasan","Minor Negative Gap","Self-assessment sedikit lebih rendah dari superior assessment","Major Negative Gap","Self-assessment jauh lebih rendah dari perilaku yang tampak menurut atasan","")} -> Self-assessment jauh lebih tinggi dari perilaku yang tampak menurut atasan | P19: {=_xlfn.SWITCH(N19,"No Gap","persepsi diri Selaras dengan perilaku yang ditunjukan","Minor Positive Gap","Individu merasa sudah sangat baik, tetapi atasan melihat baru cukup baik","Major Positive Gap","Ada potensi blind spot; perilaku belum terlihat sekuat persepsi diri","Minor Negative Gap","Individu mungkin kurang percaya diri atau belum menyadari kekuatannya","Major Negative Gap","Ada hidden strength; individu tidak menyadari bahwa perilakunya sudah terlihat kuat","")} -> Ada potensi blind spot; perilaku belum terlihat sekuat persepsi diri
A20: 8 | B20: Conflict Navigation (menghadapi konflik secara konstruktif) | C20: Ketika menghadapi konflik kerja atau perbedaan kepentingan dalam pekerjaan, perilaku yang paling sering ditunjukkan adalah… | D20: Menghindari konflik, membiarkan masalah berlarut, atau merespons secara emosional. | E20: Mencoba menghadapi konflik, tetapi mundur ketika situasi meningkat. | F20: Menangani konflik sederhana dengan komunikasi terbuka dan dukungan bila diperlukan. | G20: Mengelola konflik secara konstruktif, fokus pada isu utama, dan mencari solusi adil. | H20: Mengubah konflik menjadi kesempatan strategis untuk memperkuat kepercayaan, ekspektasi, dan kerja sama. | I20: 1 | J20: Menghindari konflik, membiarkan masalah berlarut, atau merespons secara emosional. | K20: 2 | L20: Mencoba menghadapi konflik, tetapi mundur ketika situasi meningkat. | M20: =I20-K20 -> -1 | N20: {=_xlfn.IFS(M20>=2,"Major Positive Gap",M20>=1,"Minor Positive Gap",M20>=0,"No Gap",M20>=-1,"Minor Negative Gap",M20<=-2,"Major Negative Gap")} -> Minor Negative Gap | O20: {=_xlfn.SWITCH(N20,"No Gap","persepsi diri Selaras dengan penilaian Atasan","Minor Positive Gap","Self-assessment sedikit lebih tinggi dari superior assessment","Major Positive Gap","Self-assessment jauh lebih tinggi dari perilaku yang tampak menurut atasan","Minor Negative Gap","Self-assessment sedikit lebih rendah dari superior assessment","Major Negative Gap","Self-assessment jauh lebih rendah dari perilaku yang tampak menurut atasan","")} -> Self-assessment sedikit lebih rendah dari superior assessment | P20: {=_xlfn.SWITCH(N20,"No Gap","persepsi diri Selaras dengan perilaku yang ditunjukan","Minor Positive Gap","Individu merasa sudah sangat baik, tetapi atasan melihat baru cukup baik","Major Positive Gap","Ada potensi blind spot; perilaku belum terlihat sekuat persepsi diri","Minor Negative Gap","Individu mungkin kurang percaya diri atau belum menyadari kekuatannya","Major Negative Gap","Ada hidden strength; individu tidak menyadari bahwa perilakunya sudah terlihat kuat","")} -> Individu mungkin kurang percaya diri atau belum menyadari kekuatannya
A21: 9 | B21: Managing Challenging Stakeholder (Mengelola relasi berkelanjutan dengan stakeholder sulit) | C21: Ketika harus menjaga hubungan profesional dengan individu/stakeholder yang sulit, berpengaruh, atau memiliki kepentingan berbeda, perilaku yang paling sering ditunjukkan adalah… | D21: Menghindari interaksi yang diperlukan atau merespons kurang tepat sehingga memperburuk hubungan. | E21: Berinteraksi seperlunya, tetapi masih sering terjadi gesekan dan membutuhkan bantuan pihak ketiga. | F21: Menjaga profesionalisme, mengelola emosi, dan mulai memahami kepentingan pihak kunci. | G21: Menyesuaikan gaya komunikasi, mencari titik temu, dan membangun hubungan kerja produktif. | H21: Menjadi penghubung terpercaya antar kepentingan berbeda dan menjaga kerja sama berkelanjutan. | I21: 2 | J21: Berinteraksi seperlunya, tetapi masih sering terjadi gesekan dan membutuhkan bantuan pihak ketiga. | K21: 3 | L21: Menjaga profesionalisme, mengelola emosi, dan mulai memahami kepentingan pihak kunci. | M21: =I21-K21 -> -1 | N21: {=_xlfn.IFS(M21>=2,"Major Positive Gap",M21>=1,"Minor Positive Gap",M21>=0,"No Gap",M21>=-1,"Minor Negative Gap",M21<=-2,"Major Negative Gap")} -> Minor Negative Gap | O21: {=_xlfn.SWITCH(N21,"No Gap","persepsi diri Selaras dengan penilaian Atasan","Minor Positive Gap","Self-assessment sedikit lebih tinggi dari superior assessment","Major Positive Gap","Self-assessment jauh lebih tinggi dari perilaku yang tampak menurut atasan","Minor Negative Gap","Self-assessment sedikit lebih rendah dari superior assessment","Major Negative Gap","Self-assessment jauh lebih rendah dari perilaku yang tampak menurut atasan","")} -> Self-assessment sedikit lebih rendah dari superior assessment | P21: {=_xlfn.SWITCH(N21,"No Gap","persepsi diri Selaras dengan perilaku yang ditunjukan","Minor Positive Gap","Individu merasa sudah sangat baik, tetapi atasan melihat baru cukup baik","Major Positive Gap","Ada potensi blind spot; perilaku belum terlihat sekuat persepsi diri","Minor Negative Gap","Individu mungkin kurang percaya diri atau belum menyadari kekuatannya","Major Negative Gap","Ada hidden strength; individu tidak menyadari bahwa perilakunya sudah terlihat kuat","")} -> Individu mungkin kurang percaya diri atau belum menyadari kekuatannya
A22: 10 | B22: Conflict Mediation (menjadi penengah & penyatu pihak berbeda) | C22: Ketika menghadapi konflik antarindividu, antartim, atau antarkepentingan yang membutuhkan penengah, perilaku yang paling sering ditunjukkan adalah… | D22: Kesulitan menangani konflik dan cenderung memperkeruh keadaan atau terlihat memihak. | E22: Membantu menyelesaikan konflik sederhana, tetapi terbatas pada situasi tidak kompleks. | F22: Berperan sebagai penengah dan memastikan pihak terkait didengar. | G22: Menjadi mediator efektif dalam konflik kompleks dengan memfasilitasi dialog dan kesepakatan. | H22: Menjadi penengah terpercaya dalam konflik strategis/lintas kelompok dan membangun komitmen jangka panjang. | I22: 3 | J22: Berperan sebagai penengah dan memastikan pihak terkait didengar. | K22: 4 | L22: Menjadi mediator efektif dalam konflik kompleks dengan memfasilitasi dialog dan kesepakatan. | M22: =I22-K22 -> -1 | N22: {=_xlfn.IFS(M22>=2,"Major Positive Gap",M22>=1,"Minor Positive Gap",M22>=0,"No Gap",M22>=-1,"Minor Negative Gap",M22<=-2,"Major Negative Gap")} -> Minor Negative Gap | O22: {=_xlfn.SWITCH(N22,"No Gap","persepsi diri Selaras dengan penilaian Atasan","Minor Positive Gap","Self-assessment sedikit lebih tinggi dari superior assessment","Major Positive Gap","Self-assessment jauh lebih tinggi dari perilaku yang tampak menurut atasan","Minor Negative Gap","Self-assessment sedikit lebih rendah dari superior assessment","Major Negative Gap","Self-assessment jauh lebih rendah dari perilaku yang tampak menurut atasan","")} -> Self-assessment sedikit lebih rendah dari superior assessment | P22: {=_xlfn.SWITCH(N22,"No Gap","persepsi diri Selaras dengan perilaku yang ditunjukan","Minor Positive Gap","Individu merasa sudah sangat baik, tetapi atasan melihat baru cukup baik","Major Positive Gap","Ada potensi blind spot; perilaku belum terlihat sekuat persepsi diri","Minor Negative Gap","Individu mungkin kurang percaya diri atau belum menyadari kekuatannya","Major Negative Gap","Ada hidden strength; individu tidak menyadari bahwa perilakunya sudah terlihat kuat","")} -> Individu mungkin kurang percaya diri atau belum menyadari kekuatannya
A23: AVERAGE SCORE | I23: =AVERAGE(I13:J22) -> 3 | J23: =AVERAGE(J13:K22) -> 3 | K23: =AVERAGE(K13:L22) -> 3 | M23: =I23-K23 -> 0 | N23: {=_xlfn.IFS(VALUE(M23)>=1,"Major Positive Gap",VALUE(M23)>=0.5,"Minor Positive Gap",VALUE(M23)>=-0.49,"Aligned",VALUE(M23)>=-0.99,"Minor Negative Gap",VALUE(M23)<=-1,"Major Negative Gap")} -> Aligned | O23: {=_xlfn.SWITCH(N23,"Aligned","Aligned Perception","Minor Positive Gap","Slight Overestimation","Major Positive Gap","Significant Overestimation / Potential Blind Spot","Minor Negative Gap","Slight Underestimation","Major Negative Gap","Significant Underestimation / Hidden Strength","")} -> Aligned Perception

Sheet change agility
B2: =Identitas!B2 -> Nama | C2: =Identitas!D2 -> Ana Kholifah
B3: =Identitas!B3 -> Nama Atasan yang menilai | C3: =Identitas!D3 -> Julia Edwita
B4: =Identitas!B4 -> Level Saat Ini | C4: =Identitas!D4 -> Officer
B5: =Identitas!B5 -> Level Tujuan | C5: =Identitas!D5 -> Analyst
B6: =Identitas!B6 -> Tanggal Assesment | C6: =Identitas!D6 -> 46050.561
B7: =Identitas!B7 -> Unit | C7: =Identitas!D7 -> Human Capital Operation & Service
B8: =Identitas!B8 -> Departemen | C8: =Identitas!D8 -> Human Capital Shared Service
B9: =Identitas!B9 -> Divisi | C9: =Identitas!D9 -> 0
B10: =Identitas!B10 -> Direktorat | C10: =Identitas!D10 -> Resources & Innovation
A12: No | B12: Indikator | C12: Pernyataan Situasi | D12: Level 1 (Rendah) | E12: Level 2 (Cukup) | F12: Level 3 (Baik) | G12: Level 4 (Sangat Baik) | H12: Level 5 (Luar Biasa) | I12: Rating (1-5) self | J12: Komentar / Contoh Perilaku | K12: Rating (1-5) superior | L12: Komentar / Contoh Perilaku | M12: Self Awareness GAP Score Self - Sup | N12: Gap | O12: Keterangan | P12: Intepretasi
A13: 1 | B13: Adapting to New Systems (mengikuti perubahan dasar) | C13: Ketika diterapkan sistem, prosedur, tools, atau mekanisme kerja baru, perilaku yang paling sering ditunjukkan adalah… | D13: Lambat beradaptasi dan cenderung menolak/menghindari sistem baru. | E13: Mulai mencoba sistem/prosedur baru, tetapi masih membutuhkan banyak arahan. | F13: Mampu beradaptasi jika tersedia panduan jelas. | G13: Cepat menyesuaikan diri dan membantu orang lain memahami penggunaannya. | H13: Mengoptimalkan sistem/prosedur baru untuk meningkatkan efektivitas, efisiensi, atau kualitas kerja. | I13: 4 | J13: Cepat menyesuaikan diri dan membantu orang lain memahami penggunaannya. | K13: 5 | L13: Mengoptimalkan sistem/prosedur baru untuk meningkatkan efektivitas, efisiensi, atau kualitas kerja. | M13: =I13-K13 -> -1 | N13: {=_xlfn.IFS(M13>=2,"Major Positive Gap",M13>=1,"Minor Positive Gap",M13>=0,"No Gap",M13>=-1,"Minor Negative Gap",M13<=-2,"Major Negative Gap")} -> Minor Negative Gap | O13: persepsi diri Selaras dengan penilaian Atasan | P13: persepsi diri Selaras dengan perilaku yang ditunjukan
A14: 2 | B14: Comfort with New Ways of Working (mulai nyaman dengan cara kerja baru) | C14: Ketika diterapkan cara kerja, metode, atau pendekatan baru, perilaku yang paling sering ditunjukkan adalah… | D14: Sangat tidak nyaman dan sulit meninggalkan cara kerja lama. | E14: Mencoba beradaptasi, tetapi sering kembali pada kebiasaan lama. | F14: Menyesuaikan diri setelah memahami alasan dan manfaat perubahan. | G14: Nyaman bekerja dengan pendekatan baru dan cepat menyesuaikan perilaku kerja. | H14: Antusias mencoba cara kerja baru, memberi contoh, dan mendorong perbaikan proses. | I14: 5 | J14: Antusias mencoba cara kerja baru, memberi contoh, dan mendorong perbaikan proses. | K14: 1 | L14: Sangat tidak nyaman dan sulit meninggalkan cara kerja lama. | M14: =I14-K14 -> 4 | N14: {=_xlfn.IFS(M14>=2,"Major Positive Gap",M14>=1,"Minor Positive Gap",M14>=0,"No Gap",M14>=-1,"Minor Negative Gap",M14<=-2,"Major Negative Gap")} -> Major Positive Gap | O14: persepsi diri Selaras dengan penilaian Atasan | P14: persepsi diri Selaras dengan perilaku yang ditunjukan
A15: 3 | B15: Comfort with Sudden Change (tetap bekerja saat perubahan mendadak) | C15: Ketika menghadapi perubahan mendadak dalam prioritas, arahan, target, atau situasi kerja, perilaku yang paling sering ditunjukkan adalah… | D15: Tidak nyaman, kewalahan, atau sulit melanjutkan pekerjaan. | E15: Berusaha menyesuaikan diri, tetapi butuh waktu lebih lama untuk kembali produktif. | F15: Mampu beradaptasi jika perubahan dijelaskan dengan jelas. | G15: Cepat menyesuaikan prioritas dan tetap produktif. | H15: Melihat perubahan mendadak sebagai peluang belajar, memperbaiki cara kerja, atau meningkatkan hasil. | I15: 1 | J15: Tidak nyaman, kewalahan, atau sulit melanjutkan pekerjaan. | K15: 2 | L15: Berusaha menyesuaikan diri, tetapi butuh waktu lebih lama untuk kembali produktif. | M15: =I15-K15 -> -1 | N15: {=_xlfn.IFS(M15>=2,"Major Positive Gap",M15>=1,"Minor Positive Gap",M15>=0,"No Gap",M15>=-1,"Minor Negative Gap",M15<=-2,"Major Negative Gap")} -> Minor Negative Gap | O15: Self-assessment jauh lebih rendah dari perilaku yang tampak menurut atasan | P15: Ada hidden strength; individu tidak menyadari bahwa perilakunya sudah terlihat kuat
A16: 4 | B16: Managing Resistance to Change (pengelolaan resistensi) | C16: Ketika menghadapi perubahan yang menimbulkan ketidakpastian, ketidaknyamanan, atau resistensi, perilaku yang paling sering ditunjukkan adalah… | D16: Menolak perubahan dan sulit menerima cara kerja atau arah baru. | E16: Mencoba menerima perubahan, tetapi sering kembali ke cara lama. | F16: Menerima perubahan dengan bantuan penjelasan, arahan, atau dukungan tambahan. | G16: Mengelola resistensi diri dan beradaptasi secara konstruktif. | H16: Mendukung perubahan secara aktif dan membantu orang lain mengurangi resistensi. | I16: 2 | J16: Mencoba menerima perubahan, tetapi sering kembali ke cara lama. | K16: 3 | L16: Menerima perubahan dengan bantuan penjelasan, arahan, atau dukungan tambahan. | M16: =I16-K16 -> -1 | N16: {=_xlfn.IFS(M16>=2,"Major Positive Gap",M16>=1,"Minor Positive Gap",M16>=0,"No Gap",M16>=-1,"Minor Negative Gap",M16<=-2,"Major Negative Gap")} -> Minor Negative Gap | O16: Self-assessment sedikit lebih rendah dari superior assessment | P16: Individu mungkin kurang percaya diri atau belum menyadari kekuatannya
A17: 5 | B17: Adaptive Learning & Experimentation (aktif belajar hal baru) | C17: Ketika perubahan menuntut pengetahuan, keterampilan, atau pendekatan baru, perilaku yang paling sering ditunjukkan adalah… | D17: Merasa cukup dengan kemampuan saat ini dan kurang terdorong belajar hal baru. | E17: Tertarik pada hal baru, tetapi belum konsisten mempelajari atau mencobanya. | F17: Mempelajari pengetahuan/keterampilan baru yang relevan ketika dibutuhkan. | G17: Aktif belajar lintas bidang dan mencoba penerapannya dalam pekerjaan. | H17: Konsisten mencari, menguji, dan menerapkan pembelajaran baru untuk menciptakan solusi lebih baik. | I17: 3 | J17: Mempelajari pengetahuan/keterampilan baru yang relevan ketika dibutuhkan. | K17: 4 | L17: Aktif belajar lintas bidang dan mencoba penerapannya dalam pekerjaan. | M17: =I17-K17 -> -1 | N17: {=_xlfn.IFS(M17>=2,"Major Positive Gap",M17>=1,"Minor Positive Gap",M17>=0,"No Gap",M17>=-1,"Minor Negative Gap",M17<=-2,"Major Negative Gap")} -> Minor Negative Gap | O17: Self-assessment sedikit lebih rendah dari superior assessment | P17: Individu mungkin kurang percaya diri atau belum menyadari kekuatannya
A18: 6 | B18: Viewing Change as Opportunity (melihat perubahan sebagai peluang) | C18: Ketika menilai perubahan yang terjadi di lingkungan kerja, perilaku yang paling sering ditunjukkan adalah… | D18: Melihat perubahan sebagai beban, gangguan, atau ancaman rutinitas. | E18: Menerima perubahan, tetapi masih ragu dan sangat berhati-hati. | F18: Melihat perubahan sebagai sesuatu yang perlu diikuti dan menyesuaikan diri saat diperlukan. | G18: Melihat perubahan sebagai kesempatan belajar, memperbaiki proses, atau meningkatkan kinerja. | H18: Aktif mencari peluang dari perubahan untuk menciptakan nilai, keunggulan, atau cara kerja baru. | I18: 4 | J18: Melihat perubahan sebagai kesempatan belajar, memperbaiki proses, atau meningkatkan kinerja. | K18: 5 | L18: Aktif mencari peluang dari perubahan untuk menciptakan nilai, keunggulan, atau cara kerja baru. | M18: =I18-K18 -> -1 | N18: {=_xlfn.IFS(M18>=2,"Major Positive Gap",M18>=1,"Minor Positive Gap",M18>=0,"No Gap",M18>=-1,"Minor Negative Gap",M18<=-2,"Major Negative Gap")} -> Minor Negative Gap | O18: Self-assessment jauh lebih tinggi dari perilaku yang tampak menurut atasan | P18: Ada potensi blind spot; perilaku belum terlihat sekuat persepsi diri
A19: 7 | B19: Proposing New Ideas (mulai menginisiasi perubahan) | C19: Ketika melihat peluang perbaikan atau kebutuhan perubahan, perilaku yang paling sering ditunjukkan adalah… | D19: Jarang mengusulkan ide dan lebih memilih mengikuti arahan. | E19: Sesekali mengusulkan ide sederhana ketika diminta atau saat masalah terlihat jelas. | F19: Memberikan saran relevan untuk perbaikan proses, kualitas, atau penyelesaian masalah. | G19: Konsisten mengusulkan ide baru yang relevan, realistis, dan bermanfaat. | H19: Proaktif menciptakan ide inovatif, menginspirasi orang lain, dan mendorong implementasi perubahan berdampak. | I19: 5 | J19: Proaktif menciptakan ide inovatif, menginspirasi orang lain, dan mendorong implementasi perubahan berdampak. | K19: 1 | L19: Jarang mengusulkan ide dan lebih memilih mengikuti arahan. | M19: =I19-K19 -> 4 | N19: {=_xlfn.IFS(M19>=2,"Major Positive Gap",M19>=1,"Minor Positive Gap",M19>=0,"No Gap",M19>=-1,"Minor Negative Gap",M19<=-2,"Major Negative Gap")} -> Major Positive Gap | O19: Self-assessment sedikit lebih rendah dari superior assessment | P19: Individu mungkin kurang percaya diri atau belum menyadari kekuatannya
A20: 8 | B20: Risk-Taking for Innovation (berani mencoba pendekatan baru) | C20: Ketika perlu mencoba cara, pendekatan, atau solusi baru yang belum sepenuhnya terbukti, perilaku yang paling sering ditunjukkan adalah… | D20: Menghindari risiko dan memilih metode aman atau biasa digunakan. | E20: Mencoba metode baru, tetapi masih ragu dan mudah kembali ke cara lama. | F20: Berani mengambil risiko terukur setelah mempertimbangkan dampaknya. | G20: Mencoba pendekatan baru meskipun hasil belum jelas, dengan tetap mengelola risiko. | H20: Mendorong eksperimen dalam tim, mengambil risiko terukur, dan menciptakan pembelajaran/inovasi dari pendekatan baru | I20: 1 | J20: Menghindari risiko dan memilih metode aman atau biasa digunakan. | K20: 2 | L20: Mencoba metode baru, tetapi masih ragu dan mudah kembali ke cara lama. | M20: =I20-K20 -> -1 | N20: {=_xlfn.IFS(M20>=2,"Major Positive Gap",M20>=1,"Minor Positive Gap",M20>=0,"No Gap",M20>=-1,"Minor Negative Gap",M20<=-2,"Major Negative Gap")} -> Minor Negative Gap | O20: Self-assessment jauh lebih tinggi dari perilaku yang tampak menurut atasan | P20: Ada potensi blind spot; perilaku belum terlihat sekuat persepsi diri
A21: 9 | B21: Calmness in Uncertainty (tetap tenang di kondisi tidak pasti) | C21: Ketika menghadapi situasi kerja yang tidak pasti, berubah cepat, atau belum memiliki arah jelas, perilaku yang paling sering ditunjukkan adalah… | D21: Mudah cemas, reaktif, atau sulit berpikir jernih. | E21: Berusaha tenang, tetapi sering kehilangan fokus saat situasi belum jelas. | F21: Mampu mengelola diri dan tetap menjalankan pekerjaan dalam ketidakpastian. | G21: Tetap tenang, menjaga fokus, dan mengambil keputusan tepat dalam situasi tidak pasti. | H21: Menjaga ketenangan diri/orang lain, membaca peluang, dan mengambil langkah strategis. | I21: 2 | J21: Berusaha tenang, tetapi sering kehilangan fokus saat situasi belum jelas. | K21: 3 | L21: Mampu mengelola diri dan tetap menjalankan pekerjaan dalam ketidakpastian. | M21: =I21-K21 -> -1 | N21: {=_xlfn.IFS(M21>=2,"Major Positive Gap",M21>=1,"Minor Positive Gap",M21>=0,"No Gap",M21>=-1,"Minor Negative Gap",M21<=-2,"Major Negative Gap")} -> Minor Negative Gap | O21: Self-assessment jauh lebih rendah dari perilaku yang tampak menurut atasan | P21: Ada hidden strength; individu tidak menyadari bahwa perilakunya sudah terlihat kuat
A22: 10 | B22: Proactive in Anticipating Change (mengantisipasi perubahan sebelum terjadi) | C22: Ketika menghadapi kemungkinan perubahan di masa depan, perilaku yang paling sering ditunjukkan adalah… | D22: Tidak mengantisipasi perubahan dan baru bergerak setelah perubahan terjadi. | E22: Bereaksi setelah perubahan mulai terlihat, tetapi belum memiliki persiapan memadai. | F22: Memperhatikan tanda-tanda perubahan dan melakukan persiapan terbatas. | G22: Aktif memindai lingkungan, membaca tren, dan menyiapkan rencana menghadapi perubahan. | H22: Memprediksi arah perubahan, menyiapkan skenario strategis, dan menggerakkan organisasi sebelum perubahan terjadi. | I22: 3 | J22: Memperhatikan tanda-tanda perubahan dan melakukan persiapan terbatas. | K22: 4 | L22: Aktif memindai lingkungan, membaca tren, dan menyiapkan rencana menghadapi perubahan. | M22: =I22-K22 -> -1 | N22: {=_xlfn.IFS(M22>=2,"Major Positive Gap",M22>=1,"Minor Positive Gap",M22>=0,"No Gap",M22>=-1,"Minor Negative Gap",M22<=-2,"Major Negative Gap")} -> Minor Negative Gap | O22: persepsi diri Selaras dengan penilaian Atasan | P22: persepsi diri Selaras dengan perilaku yang ditunjukan
A23: AVERAGE SCORE | I23: =AVERAGE(I13:J22) -> 3 | J23: =AVERAGE(J13:K22) -> 3 | K23: =AVERAGE(K13:L22) -> 3 | M23: =I23-K23 -> 0 | N23: {=_xlfn.IFS(VALUE(M23)>=1,"Major Positive Gap",VALUE(M23)>=0.5,"Minor Positive Gap",VALUE(M23)>=-0.49,"Aligned",VALUE(M23)>=-0.99,"Minor Negative Gap",VALUE(M23)<=-1,"Major Negative Gap")} -> Aligned | O23: {=_xlfn.SWITCH(N23,"Aligned","Aligned Perception","Minor Positive Gap","Slight Overestimation","Major Positive Gap","Significant Overestimation / Potential Blind Spot","Minor Negative Gap","Slight Underestimation","Major Negative Gap","Significant Underestimation / Hidden Strength","")} -> Aligned Perception

Sheet result agility
B2: =Identitas!B2 -> Nama | C2: =Identitas!D2 -> Ana Kholifah
B3: =Identitas!B3 -> Nama Atasan yang menilai | C3: =Identitas!D3 -> Julia Edwita
B4: =Identitas!B4 -> Level Saat Ini | C4: =Identitas!D4 -> Officer
B5: =Identitas!B5 -> Level Tujuan | C5: =Identitas!D5 -> Analyst
B6: =Identitas!B6 -> Tanggal Assesment | C6: =Identitas!D6 -> 46050.561
B7: =Identitas!B7 -> Unit | C7: =Identitas!D7 -> Human Capital Operation & Service
B8: =Identitas!B8 -> Departemen | C8: =Identitas!D8 -> Human Capital Shared Service
B9: =Identitas!B9 -> Divisi | C9: =Identitas!D9 -> 0
B10: =Identitas!B10 -> Direktorat | C10: =Identitas!D10 -> Resources & Innovation
A12: No | B12: Indikator | C12: Pernyataan Situasi | D12: Level 1 (Rendah) | E12: Level 2 (Cukup) | F12: Level 3 (Baik) | G12: Level 4 (Sangat Baik) | H12: Level 5 (Luar Biasa) | I12: Rating (1-5) self | J12: Komentar / Contoh Perilaku | K12: Rating (1-5) superior | L12: Komentar / Contoh Perilaku | M12: Self Awareness GAP Score Self - Sup | N12: Gap | O12: Keterangan | P12: Intepretasi
A13: 1 | B13: Task Completion Quality (menyelesaikan tugas dengan baik) | C13: Ketika menyelesaikan tugas atau tanggung jawab kerja, perilaku yang paling sering ditunjukkan adalah… | D13: Sering tidak menyelesaikan tugas sesuai standar, tenggat waktu, atau ekspektasi. | E13: Menyelesaikan tugas, tetapi kualitas/ketepatan waktu belum konsisten. | F13: Menyelesaikan tugas dengan kualitas cukup baik, stabil, dan sesuai standar. | G13: Konsisten menghasilkan pekerjaan berkualitas tinggi, tepat waktu, dan dapat diandalkan. | H13: Menghasilkan output melampaui ekspektasi, memberi nilai tambah, dan menjadi contoh standar kualitas. | I13: 4 | J13: Konsisten menghasilkan pekerjaan berkualitas tinggi, tepat waktu, dan dapat diandalkan. | K13: 5 | L13: Menghasilkan output melampaui ekspektasi, memberi nilai tambah, dan menjadi contoh standar kualitas. | M13: =I13-K13 -> -1 | N13: {=_xlfn.IFS(M13>=2,"Major Positive Gap",M13>=1,"Minor Positive Gap",M13>=0,"No Gap",M13>=-1,"Minor Negative Gap",M13<=-2,"Major Negative Gap")} -> Minor Negative Gap | O13: {=_xlfn.SWITCH(N13,"No Gap","persepsi diri Selaras dengan penilaian Atasan","Minor Positive Gap","Self-assessment sedikit lebih tinggi dari superior assessment","Major Positive Gap","Self-assessment jauh lebih tinggi dari perilaku yang tampak menurut atasan","Minor Negative Gap","Self-assessment sedikit lebih rendah dari superior assessment","Major Negative Gap","Self-assessment jauh lebih rendah dari perilaku yang tampak menurut atasan","")} -> Self-assessment sedikit lebih rendah dari superior assessment | P13: {=_xlfn.SWITCH(N13,"No Gap","persepsi diri Selaras dengan perilaku yang ditunjukan","Minor Positive Gap","Individu merasa sudah sangat baik, tetapi atasan melihat baru cukup baik","Major Positive Gap","Ada potensi blind spot; perilaku belum terlihat sekuat persepsi diri","Minor Negative Gap","Individu mungkin kurang percaya diri atau belum menyadari kekuatannya","Major Negative Gap","Ada hidden strength; individu tidak menyadari bahwa perilakunya sudah terlihat kuat","")} -> Individu mungkin kurang percaya diri atau belum menyadari kekuatannya
A14: 2 | B14: Action-Oriented & Takes Initiative (proaktif bertindak) | C14: Ketika melihat peluang perbaikan, masalah, atau kebutuhan tindakan dalam pekerjaan, perilaku yang paling sering ditunjukkan adalah… | D14: Menunggu instruksi jelas sebelum bertindak. | E14: Mengidentifikasi peluang/masalah, tetapi masih menunggu persetujuan atau dorongan. | F14: Mengambil inisiatif menangani masalah dalam area tanggung jawab. | G14: Aktif menciptakan peluang perbaikan dan mengantisipasi masalah sebelum berdampak. | H14: Mengambil inisiatif yang menciptakan perubahan positif dan menggerakkan orang lain. | I14: 5 | J14: Mengambil inisiatif yang menciptakan perubahan positif dan menggerakkan orang lain. | K14: 1 | L14: Menunggu instruksi jelas sebelum bertindak. | M14: =I14-K14 -> 4 | N14: {=_xlfn.IFS(M14>=2,"Major Positive Gap",M14>=1,"Minor Positive Gap",M14>=0,"No Gap",M14>=-1,"Minor Negative Gap",M14<=-2,"Major Negative Gap")} -> Major Positive Gap | O14: {=_xlfn.SWITCH(N14,"No Gap","persepsi diri Selaras dengan penilaian Atasan","Minor Positive Gap","Self-assessment sedikit lebih tinggi dari superior assessment","Major Positive Gap","Self-assessment jauh lebih tinggi dari perilaku yang tampak menurut atasan","Minor Negative Gap","Self-assessment sedikit lebih rendah dari superior assessment","Major Negative Gap","Self-assessment jauh lebih rendah dari perilaku yang tampak menurut atasan","")} -> Self-assessment jauh lebih tinggi dari perilaku yang tampak menurut atasan | P14: {=_xlfn.SWITCH(N14,"No Gap","persepsi diri Selaras dengan perilaku yang ditunjukan","Minor Positive Gap","Individu merasa sudah sangat baik, tetapi atasan melihat baru cukup baik","Major Positive Gap","Ada potensi blind spot; perilaku belum terlihat sekuat persepsi diri","Minor Negative Gap","Individu mungkin kurang percaya diri atau belum menyadari kekuatannya","Major Negative Gap","Ada hidden strength; individu tidak menyadari bahwa perilakunya sudah terlihat kuat","")} -> Ada potensi blind spot; perilaku belum terlihat sekuat persepsi diri
A15: 3 | B15: Driving for impact (fokus pada hasil kerja) | C15: Ketika menilai keberhasilan kerja, perilaku yang paling sering ditunjukkan adalah… | D15: Mengukur keberhasilan dari aktivitas yang dilakukan, bukan hasil/dampak. | E15: Fokus menyelesaikan pekerjaan sesuai prosedur, tetapi belum memastikan efektivitas hasil. | F15: Memahami tujuan akhir pekerjaan dan bertanggung jawab terhadap pencapaiannya. | G15: Mengidentifikasi hambatan, menyesuaikan proses, menyusun rencana, dan menggunakan metrik keberhasilan. | H15: Berorientasi pada dampak nyata dan memastikan hasil kerja memberi nilai bagi tim, pelanggan, fungsi, atau organisasi. | I15: 1 | J15: Mengukur keberhasilan dari aktivitas yang dilakukan, bukan hasil/dampak. | K15: 2 | L15: Fokus menyelesaikan pekerjaan sesuai prosedur, tetapi belum memastikan efektivitas hasil. | M15: =I15-K15 -> -1 | N15: {=_xlfn.IFS(M15>=2,"Major Positive Gap",M15>=1,"Minor Positive Gap",M15>=0,"No Gap",M15>=-1,"Minor Negative Gap",M15<=-2,"Major Negative Gap")} -> Minor Negative Gap | O15: {=_xlfn.SWITCH(N15,"No Gap","persepsi diri Selaras dengan penilaian Atasan","Minor Positive Gap","Self-assessment sedikit lebih tinggi dari superior assessment","Major Positive Gap","Self-assessment jauh lebih tinggi dari perilaku yang tampak menurut atasan","Minor Negative Gap","Self-assessment sedikit lebih rendah dari superior assessment","Major Negative Gap","Self-assessment jauh lebih rendah dari perilaku yang tampak menurut atasan","")} -> Self-assessment sedikit lebih rendah dari superior assessment | P15: {=_xlfn.SWITCH(N15,"No Gap","persepsi diri Selaras dengan perilaku yang ditunjukan","Minor Positive Gap","Individu merasa sudah sangat baik, tetapi atasan melihat baru cukup baik","Major Positive Gap","Ada potensi blind spot; perilaku belum terlihat sekuat persepsi diri","Minor Negative Gap","Individu mungkin kurang percaya diri atau belum menyadari kekuatannya","Major Negative Gap","Ada hidden strength; individu tidak menyadari bahwa perilakunya sudah terlihat kuat","")} -> Individu mungkin kurang percaya diri atau belum menyadari kekuatannya
A16: 4 | B16: Tenacity & Strategic Persistence (menjaga komitmen di tengah tantangan) | C16: Ketika menghadapi tantangan berat, hambatan, atau kegagalan dalam mencapai target, perilaku yang paling sering ditunjukkan adalah… | D16: Mudah kehilangan komitmen atau menyerah ketika menghadapi tantangan. | E16: Tetap berupaya, tetapi membutuhkan dorongan eksternal saat upaya awal gagal. | F16: Berusaha menyelesaikan tugas dan meminta bantuan ketika menghadapi hambatan sulit. | G16: Menjaga energi, komitmen, dan ketekunan tanpa mudah frustrasi. | H16: Gigih menghadapi tantangan berat dengan mencari solusi baru dan tetap menjaga arah hasil. | I16: 2 | J16: Tetap berupaya, tetapi membutuhkan dorongan eksternal saat upaya awal gagal. | K16: 3 | L16: Berusaha menyelesaikan tugas dan meminta bantuan ketika menghadapi hambatan sulit. | M16: =I16-K16 -> -1 | N16: {=_xlfn.IFS(M16>=2,"Major Positive Gap",M16>=1,"Minor Positive Gap",M16>=0,"No Gap",M16>=-1,"Minor Negative Gap",M16<=-2,"Major Negative Gap")} -> Minor Negative Gap | O16: {=_xlfn.SWITCH(N16,"No Gap","persepsi diri Selaras dengan penilaian Atasan","Minor Positive Gap","Self-assessment sedikit lebih tinggi dari superior assessment","Major Positive Gap","Self-assessment jauh lebih tinggi dari perilaku yang tampak menurut atasan","Minor Negative Gap","Self-assessment sedikit lebih rendah dari superior assessment","Major Negative Gap","Self-assessment jauh lebih rendah dari perilaku yang tampak menurut atasan","")} -> Self-assessment sedikit lebih rendah dari superior assessment | P16: {=_xlfn.SWITCH(N16,"No Gap","persepsi diri Selaras dengan perilaku yang ditunjukan","Minor Positive Gap","Individu merasa sudah sangat baik, tetapi atasan melihat baru cukup baik","Major Positive Gap","Ada potensi blind spot; perilaku belum terlihat sekuat persepsi diri","Minor Negative Gap","Individu mungkin kurang percaya diri atau belum menyadari kekuatannya","Major Negative Gap","Ada hidden strength; individu tidak menyadari bahwa perilakunya sudah terlihat kuat","")} -> Individu mungkin kurang percaya diri atau belum menyadari kekuatannya
A17: 5 | B17: Learning from Outcomes (belajar dari hasil & kesalahan tim) | C17: Setelah mengalami keberhasilan, kegagalan, atau hasil kerja yang belum sesuai harapan, perilaku yang paling sering ditunjukkan adalah… | D17: Jarang merefleksikan hasil sehingga cenderung mengulang kesalahan. | E17: Sesekali mengambil pelajaran, tetapi belum konsisten menggunakannya untuk perbaikan. | F17: Cukup sering mengevaluasi hasil kerja dan mengambil pelajaran. | G17: Aktif belajar dari hasil dan mengubahnya menjadi tindakan perbaikan. | H17: Konsisten mengubah pembelajaran menjadi peningkatan kinerja nyata bagi diri, tim, atau proses kerja. | I17: 3 | J17: Cukup sering mengevaluasi hasil kerja dan mengambil pelajaran. | K17: 4 | L17: Aktif belajar dari hasil dan mengubahnya menjadi tindakan perbaikan. | M17: =I17-K17 -> -1 | N17: {=_xlfn.IFS(M17>=2,"Major Positive Gap",M17>=1,"Minor Positive Gap",M17>=0,"No Gap",M17>=-1,"Minor Negative Gap",M17<=-2,"Major Negative Gap")} -> Minor Negative Gap | O17: {=_xlfn.SWITCH(N17,"No Gap","persepsi diri Selaras dengan penilaian Atasan","Minor Positive Gap","Self-assessment sedikit lebih tinggi dari superior assessment","Major Positive Gap","Self-assessment jauh lebih tinggi dari perilaku yang tampak menurut atasan","Minor Negative Gap","Self-assessment sedikit lebih rendah dari superior assessment","Major Negative Gap","Self-assessment jauh lebih rendah dari perilaku yang tampak menurut atasan","")} -> Self-assessment sedikit lebih rendah dari superior assessment | P17: {=_xlfn.SWITCH(N17,"No Gap","persepsi diri Selaras dengan perilaku yang ditunjukan","Minor Positive Gap","Individu merasa sudah sangat baik, tetapi atasan melihat baru cukup baik","Major Positive Gap","Ada potensi blind spot; perilaku belum terlihat sekuat persepsi diri","Minor Negative Gap","Individu mungkin kurang percaya diri atau belum menyadari kekuatannya","Major Negative Gap","Ada hidden strength; individu tidak menyadari bahwa perilakunya sudah terlihat kuat","")} -> Individu mungkin kurang percaya diri atau belum menyadari kekuatannya
A18: 6 | B18: Deciding with Incomplete Data (mengambil keputusan dengan data/informasi terbatas) | C18: Ketika harus mengambil keputusan dalam situasi baru, tidak pasti, atau dengan informasi belum lengkap, perilaku yang paling sering ditunjukkan adalah… | D18: Menghindari atau menunda keputusan ketika informasi belum lengkap. | E18: Cenderung menunggu informasi lebih lengkap sebelum mengambil keputusan. | F18: Membuat keputusan dengan opsi paling logis berdasarkan informasi terbatas. | G18: Membuat keputusan melalui analisis opsi, skenario, risiko, dan konsekuensi. | H18: Membuat keputusan berkualitas dengan kerangka berpikir baru, pembelajaran sebelumnya, dan pertimbangan dampak jangka panjang. | I18: 4 | J18: Membuat keputusan melalui analisis opsi, skenario, risiko, dan konsekuensi. | K18: 5 | L18: Membuat keputusan berkualitas dengan kerangka berpikir baru, pembelajaran sebelumnya, dan pertimbangan dampak jangka panjang. | M18: =I18-K18 -> -1 | N18: {=_xlfn.IFS(M18>=2,"Major Positive Gap",M18>=1,"Minor Positive Gap",M18>=0,"No Gap",M18>=-1,"Minor Negative Gap",M18<=-2,"Major Negative Gap")} -> Minor Negative Gap | O18: {=_xlfn.SWITCH(N18,"No Gap","persepsi diri Selaras dengan penilaian Atasan","Minor Positive Gap","Self-assessment sedikit lebih tinggi dari superior assessment","Major Positive Gap","Self-assessment jauh lebih tinggi dari perilaku yang tampak menurut atasan","Minor Negative Gap","Self-assessment sedikit lebih rendah dari superior assessment","Major Negative Gap","Self-assessment jauh lebih rendah dari perilaku yang tampak menurut atasan","")} -> Self-assessment sedikit lebih rendah dari superior assessment | P18: {=_xlfn.SWITCH(N18,"No Gap","persepsi diri Selaras dengan perilaku yang ditunjukan","Minor Positive Gap","Individu merasa sudah sangat baik, tetapi atasan melihat baru cukup baik","Major Positive Gap","Ada potensi blind spot; perilaku belum terlihat sekuat persepsi diri","Minor Negative Gap","Individu mungkin kurang percaya diri atau belum menyadari kekuatannya","Major Negative Gap","Ada hidden strength; individu tidak menyadari bahwa perilakunya sudah terlihat kuat","")} -> Individu mungkin kurang percaya diri atau belum menyadari kekuatannya
A19: 7 | B19: Focus Under Pressure (tetap fokus dalam tekanan tinggi) | C19: Ketika menghadapi tekanan, hambatan, tenggat waktu ketat, atau tuntutan kerja tinggi, perilaku yang paling sering ditunjukkan adalah… | D19: Mudah kehilangan fokus ketika tekanan atau hambatan muncul. | E19: Berusaha tetap fokus, tetapi sering terganggu saat tekanan meningkat. | F19: Cukup mampu menjaga fokus dan menyelesaikan pekerjaan dengan dukungan tertentu. | G19: Tetap fokus, produktif, dan menjaga kualitas kerja dalam tekanan berat. | H19: Menjaga fokus dalam tekanan tinggi, menenangkan situasi, dan mengubah hambatan menjadi momentum hasil. | I19: 5 | J19: Menjaga fokus dalam tekanan tinggi, menenangkan situasi, dan mengubah hambatan menjadi momentum hasil. | K19: 1 | L19: Mudah kehilangan fokus ketika tekanan atau hambatan muncul. | M19: =I19-K19 -> 4 | N19: {=_xlfn.IFS(M19>=2,"Major Positive Gap",M19>=1,"Minor Positive Gap",M19>=0,"No Gap",M19>=-1,"Minor Negative Gap",M19<=-2,"Major Negative Gap")} -> Major Positive Gap | O19: {=_xlfn.SWITCH(N19,"No Gap","persepsi diri Selaras dengan penilaian Atasan","Minor Positive Gap","Self-assessment sedikit lebih tinggi dari superior assessment","Major Positive Gap","Self-assessment jauh lebih tinggi dari perilaku yang tampak menurut atasan","Minor Negative Gap","Self-assessment sedikit lebih rendah dari superior assessment","Major Negative Gap","Self-assessment jauh lebih rendah dari perilaku yang tampak menurut atasan","")} -> Self-assessment jauh lebih tinggi dari perilaku yang tampak menurut atasan | P19: {=_xlfn.SWITCH(N19,"No Gap","persepsi diri Selaras dengan perilaku yang ditunjukan","Minor Positive Gap","Individu merasa sudah sangat baik, tetapi atasan melihat baru cukup baik","Major Positive Gap","Ada potensi blind spot; perilaku belum terlihat sekuat persepsi diri","Minor Negative Gap","Individu mungkin kurang percaya diri atau belum menyadari kekuatannya","Major Negative Gap","Ada hidden strength; individu tidak menyadari bahwa perilakunya sudah terlihat kuat","")} -> Ada potensi blind spot; perilaku belum terlihat sekuat persepsi diri
A20: 8 | B20: Adapting Strategy When Needed (mengubah strategi untuk hasil lebih baik) | C20: Ketika strategi, rencana, atau cara kerja tidak lagi efektif, perilaku yang paling sering ditunjukkan adalah… | D20: Bertahan pada cara lama meskipun hasilnya tidak signifikan atau tidak relevan. | E20: Mencoba strategi baru dengan ragu-ragu dan mudah kembali ke cara lama. | F20: Menyesuaikan strategi ketika ada arahan, data, atau saran. | G20: Mandiri menyesuaikan strategi, prioritas, atau pendekatan untuk hasil lebih baik. | H20: Proaktif menciptakan strategi baru yang meningkatkan hasil, memperbaiki proses, dan berdampak luas. | I20: 1 | J20: Bertahan pada cara lama meskipun hasilnya tidak signifikan atau tidak relevan. | K20: 2 | L20: Mencoba strategi baru dengan ragu-ragu dan mudah kembali ke cara lama. | M20: =I20-K20 -> -1 | N20: {=_xlfn.IFS(M20>=2,"Major Positive Gap",M20>=1,"Minor Positive Gap",M20>=0,"No Gap",M20>=-1,"Minor Negative Gap",M20<=-2,"Major Negative Gap")} -> Minor Negative Gap | O20: {=_xlfn.SWITCH(N20,"No Gap","persepsi diri Selaras dengan penilaian Atasan","Minor Positive Gap","Self-assessment sedikit lebih tinggi dari superior assessment","Major Positive Gap","Self-assessment jauh lebih tinggi dari perilaku yang tampak menurut atasan","Minor Negative Gap","Self-assessment sedikit lebih rendah dari superior assessment","Major Negative Gap","Self-assessment jauh lebih rendah dari perilaku yang tampak menurut atasan","")} -> Self-assessment sedikit lebih rendah dari superior assessment | P20: {=_xlfn.SWITCH(N20,"No Gap","persepsi diri Selaras dengan perilaku yang ditunjukan","Minor Positive Gap","Individu merasa sudah sangat baik, tetapi atasan melihat baru cukup baik","Major Positive Gap","Ada potensi blind spot; perilaku belum terlihat sekuat persepsi diri","Minor Negative Gap","Individu mungkin kurang percaya diri atau belum menyadari kekuatannya","Major Negative Gap","Ada hidden strength; individu tidak menyadari bahwa perilakunya sudah terlihat kuat","")} -> Individu mungkin kurang percaya diri atau belum menyadari kekuatannya
A21: 9 | B21: Agile Problem-Solving Under Pressure (rencana di tengah ketidakpastian) | C21: Ketika menghadapi rintangan, krisis, atau masalah mendesak di bawah tekanan, perilaku yang paling sering ditunjukkan adalah… | D21: Bingung, panik, atau merasa masalah tidak mungkin diselesaikan. | E21: Mencoba solusi sederhana yang diketahui, tetapi cepat meminta bantuan saat tekanan meningkat. | F21: Menghasilkan 1–2 alternatif solusi dan mencoba menerapkannya. | G21: Mengeksplorasi solusi, melakukan brainstorming, dan cepat mengubah arah solusi jika kondisi berubah. | H21: Mengubah krisis menjadi peluang perbaikan, inovasi, dan peningkatan kinerja. | I21: 2 | J21: Mencoba solusi sederhana yang diketahui, tetapi cepat meminta bantuan saat tekanan meningkat. | K21: 3 | L21: Menghasilkan 1–2 alternatif solusi dan mencoba menerapkannya. | M21: =I21-K21 -> -1 | N21: {=_xlfn.IFS(M21>=2,"Major Positive Gap",M21>=1,"Minor Positive Gap",M21>=0,"No Gap",M21>=-1,"Minor Negative Gap",M21<=-2,"Major Negative Gap")} -> Minor Negative Gap | O21: {=_xlfn.SWITCH(N21,"No Gap","persepsi diri Selaras dengan penilaian Atasan","Minor Positive Gap","Self-assessment sedikit lebih tinggi dari superior assessment","Major Positive Gap","Self-assessment jauh lebih tinggi dari perilaku yang tampak menurut atasan","Minor Negative Gap","Self-assessment sedikit lebih rendah dari superior assessment","Major Negative Gap","Self-assessment jauh lebih rendah dari perilaku yang tampak menurut atasan","")} -> Self-assessment sedikit lebih rendah dari superior assessment | P21: {=_xlfn.SWITCH(N21,"No Gap","persepsi diri Selaras dengan perilaku yang ditunjukan","Minor Positive Gap","Individu merasa sudah sangat baik, tetapi atasan melihat baru cukup baik","Major Positive Gap","Ada potensi blind spot; perilaku belum terlihat sekuat persepsi diri","Minor Negative Gap","Individu mungkin kurang percaya diri atau belum menyadari kekuatannya","Major Negative Gap","Ada hidden strength; individu tidak menyadari bahwa perilakunya sudah terlihat kuat","")} -> Individu mungkin kurang percaya diri atau belum menyadari kekuatannya
A22: 10 | B22: Drive for High Performance (sistem perencanaan berkinerja tinggi) | C22: Ketika menetapkan standar kinerja dan mendorong pencapaian hasil terbaik, perilaku yang paling sering ditunjukkan adalah… | D22: Kurang menunjukkan dorongan mencapai hasil tinggi atau bekerja sesuai minimum ekspektasi. | E22: Termotivasi mencapai hasil baik, tetapi masih membutuhkan dorongan atau pengawasan. | F22: Memiliki motivasi stabil untuk mencapai hasil kerja baik dan sesuai target. | G22: Konsisten mendorong diri/tim/fungsi untuk mencapai hasil optimal dan standar tinggi. | H22: Membangun standar, sistem, dan budaya kerja berkinerja tinggi secara berkelanjutan. | I22: 3 | J22: Memiliki motivasi stabil untuk mencapai hasil kerja baik dan sesuai target. | K22: 4 | L22: Konsisten mendorong diri/tim/fungsi untuk mencapai hasil optimal dan standar tinggi. | M22: =I22-K22 -> -1 | N22: {=_xlfn.IFS(M22>=2,"Major Positive Gap",M22>=1,"Minor Positive Gap",M22>=0,"No Gap",M22>=-1,"Minor Negative Gap",M22<=-2,"Major Negative Gap")} -> Minor Negative Gap | O22: {=_xlfn.SWITCH(N22,"No Gap","persepsi diri Selaras dengan penilaian Atasan","Minor Positive Gap","Self-assessment sedikit lebih tinggi dari superior assessment","Major Positive Gap","Self-assessment jauh lebih tinggi dari perilaku yang tampak menurut atasan","Minor Negative Gap","Self-assessment sedikit lebih rendah dari superior assessment","Major Negative Gap","Self-assessment jauh lebih rendah dari perilaku yang tampak menurut atasan","")} -> Self-assessment sedikit lebih rendah dari superior assessment | P22: {=_xlfn.SWITCH(N22,"No Gap","persepsi diri Selaras dengan perilaku yang ditunjukan","Minor Positive Gap","Individu merasa sudah sangat baik, tetapi atasan melihat baru cukup baik","Major Positive Gap","Ada potensi blind spot; perilaku belum terlihat sekuat persepsi diri","Minor Negative Gap","Individu mungkin kurang percaya diri atau belum menyadari kekuatannya","Major Negative Gap","Ada hidden strength; individu tidak menyadari bahwa perilakunya sudah terlihat kuat","")} -> Individu mungkin kurang percaya diri atau belum menyadari kekuatannya
A23: AVERAGE SCORE | I23: =AVERAGE(I13:J22) -> 3 | J23: =AVERAGE(J13:K22) -> 3 | K23: =AVERAGE(K13:L22) -> 3 | M23: =I23-K23 -> 0 | N23: {=_xlfn.IFS(VALUE(M23)>=1,"Major Positive Gap",VALUE(M23)>=0.5,"Minor Positive Gap",VALUE(M23)>=-0.49,"Aligned",VALUE(M23)>=-0.99,"Minor Negative Gap",VALUE(M23)<=-1,"Major Negative Gap")} -> Aligned | O23: {=_xlfn.SWITCH(N23,"Aligned","Aligned Perception","Minor Positive Gap","Slight Overestimation","Major Positive Gap","Significant Overestimation / Potential Blind Spot","Minor Negative Gap","Slight Underestimation","Major Negative Gap","Significant Underestimation / Hidden Strength","")} -> Aligned Perception

Sheet self awareness
B2: =Identitas!B2 -> Nama | C2: =Identitas!D2 -> Ana Kholifah
B3: =Identitas!B3 -> Nama Atasan yang menilai | C3: =Identitas!D3 -> Julia Edwita
B4: =Identitas!B4 -> Level Saat Ini | C4: =Identitas!D4 -> Officer
B5: =Identitas!B5 -> Level Tujuan | C5: =Identitas!D5 -> Analyst
B6: =Identitas!B6 -> Tanggal Assesment | C6: =Identitas!D6 -> 46050.561
B7: =Identitas!B7 -> Unit | C7: =Identitas!D7 -> Human Capital Operation & Service
B8: =Identitas!B8 -> Departemen | C8: =Identitas!D8 -> Human Capital Shared Service
B9: =Identitas!B9 -> Divisi | C9: =Identitas!D9 -> 0
B10: =Identitas!B10 -> Direktorat | C10: =Identitas!D10 -> Resources & Innovation
A12: No | B12: Indikator | C12: Pernyataan Situasi | D12: Level 1 (Rendah) | E12: Level 2 (Cukup) | F12: Level 3 (Baik) | G12: Level 4 (Sangat Baik) | H12: Level 5 (Luar Biasa) | I12: Rating (1-5) self | J12: Komentar / Contoh Perilaku | K12: Rating (1-5) superior | L12: Komentar / Contoh Perilaku | M12: Self Awareness GAP Score Self - Sup | N12: Gap | O12: Keterangan | P12: Intepretasi
A13: 1 | B13: Openness to Criticism (menerima kritik dasar) | C13: Ketika menerima kritik, masukan korektif, atau pandangan yang kurang menyenangkan, perilaku yang paling sering ditunjukkan adalah… | D13: Defensif, menolak kritik, atau membenarkan diri tanpa mencoba memahami masukan. | E13: Menerima kritik meski tidak nyaman, tetapi belum sepenuhnya terbuka menindaklanjuti. | F13: Menerima kritik dengan cukup terbuka dan memahami pesan utama. | G13: Menerima kritik dengan baik, meminta klarifikasi, dan menggunakannya untuk memperbaiki diri. | H13: Sangat terbuka terhadap kritik, aktif mencarinya, dan menjadikannya pembelajaran berkelanjutan. | I13: 4 | J13: Menerima kritik dengan baik, meminta klarifikasi, dan menggunakannya untuk memperbaiki diri. | K13: 5 | L13: Sangat terbuka terhadap kritik, aktif mencarinya, dan menjadikannya pembelajaran berkelanjutan. | M13: =I13-K13 -> -1 | N13: {=_xlfn.IFS(M13>=2,"Major Positive Gap",M13>=1,"Minor Positive Gap",M13>=0,"No Gap",M13>=-1,"Minor Negative Gap",M13<=-2,"Major Negative Gap")} -> Minor Negative Gap | O13: {=_xlfn.SWITCH(N13,"No Gap","persepsi diri Selaras dengan penilaian Atasan","Minor Positive Gap","Self-assessment sedikit lebih tinggi dari superior assessment","Major Positive Gap","Self-assessment jauh lebih tinggi dari perilaku yang tampak menurut atasan","Minor Negative Gap","Self-assessment sedikit lebih rendah dari superior assessment","Major Negative Gap","Self-assessment jauh lebih rendah dari perilaku yang tampak menurut atasan","")} -> Self-assessment sedikit lebih rendah dari superior assessment | P13: {=_xlfn.SWITCH(N13,"No Gap","persepsi diri Selaras dengan perilaku yang ditunjukan","Minor Positive Gap","Individu merasa sudah sangat baik, tetapi atasan melihat baru cukup baik","Major Positive Gap","Ada potensi blind spot; perilaku belum terlihat sekuat persepsi diri","Minor Negative Gap","Individu mungkin kurang percaya diri atau belum menyadari kekuatannya","Major Negative Gap","Ada hidden strength; individu tidak menyadari bahwa perilakunya sudah terlihat kuat","")} -> Individu mungkin kurang percaya diri atau belum menyadari kekuatannya
A14: 2 | B14: Admitting Mistakes (mengakui kesalahan) | C14: Ketika melakukan kesalahan atau hasil kerja tidak sesuai harapan, perilaku yang paling sering ditunjukkan adalah… | D14: Enggan mengakui kesalahan dan menyalahkan situasi, orang lain, atau faktor eksternal. | E14: Mengakui kesalahan kecil, tetapi sulit mengakui kesalahan berdampak besar. | F14: Mengakui kesalahan dalam sebagian besar situasi dan menerima konsekuensi. | G14: Konsisten mengakui kesalahan, mengambil tanggung jawab, dan menunjukkan perbaikan. | H14: Terbuka mengakui kesalahan, menjadikannya pembelajaran, dan membantu orang lain belajar dari situasi tersebut. | I14: 5 | J14: Terbuka mengakui kesalahan, menjadikannya pembelajaran, dan membantu orang lain belajar dari situasi tersebut. | K14: 1 | L14: Enggan mengakui kesalahan dan menyalahkan situasi, orang lain, atau faktor eksternal. | M14: =I14-K14 -> 4 | N14: {=_xlfn.IFS(M14>=2,"Major Positive Gap",M14>=1,"Minor Positive Gap",M14>=0,"No Gap",M14>=-1,"Minor Negative Gap",M14<=-2,"Major Negative Gap")} -> Major Positive Gap | O14: {=_xlfn.SWITCH(N14,"No Gap","persepsi diri Selaras dengan penilaian Atasan","Minor Positive Gap","Self-assessment sedikit lebih tinggi dari superior assessment","Major Positive Gap","Self-assessment jauh lebih tinggi dari perilaku yang tampak menurut atasan","Minor Negative Gap","Self-assessment sedikit lebih rendah dari superior assessment","Major Negative Gap","Self-assessment jauh lebih rendah dari perilaku yang tampak menurut atasan","")} -> Self-assessment jauh lebih tinggi dari perilaku yang tampak menurut atasan | P14: {=_xlfn.SWITCH(N14,"No Gap","persepsi diri Selaras dengan perilaku yang ditunjukan","Minor Positive Gap","Individu merasa sudah sangat baik, tetapi atasan melihat baru cukup baik","Major Positive Gap","Ada potensi blind spot; perilaku belum terlihat sekuat persepsi diri","Minor Negative Gap","Individu mungkin kurang percaya diri atau belum menyadari kekuatannya","Major Negative Gap","Ada hidden strength; individu tidak menyadari bahwa perilakunya sudah terlihat kuat","")} -> Ada potensi blind spot; perilaku belum terlihat sekuat persepsi diri
A15: 3 | B15: Seeking Feedback on Performance (mencari feedback) | C15: Ketika ingin memahami kualitas kinerja atau perilaku kerjanya, perilaku yang paling sering ditunjukkan adalah… | D15: Jarang atau tidak pernah meminta pendapat orang lain. | E15: Mau meminta pendapat hanya pada situasi tertentu atau ketika diminta. | F15: Cukup sering meminta masukan untuk meningkatkan kinerja. | G15: Aktif meminta feedback dari atasan, rekan kerja, atau pihak terkait secara rutin dan spesifik. | H15: Sangat proaktif mencari feedback dari berbagai sumber untuk mempercepat pertumbuhan diri. | I15: 1 | J15: Jarang atau tidak pernah meminta pendapat orang lain. | K15: 2 | L15: Mau meminta pendapat hanya pada situasi tertentu atau ketika diminta. | M15: =I15-K15 -> -1 | N15: {=_xlfn.IFS(M15>=2,"Major Positive Gap",M15>=1,"Minor Positive Gap",M15>=0,"No Gap",M15>=-1,"Minor Negative Gap",M15<=-2,"Major Negative Gap")} -> Minor Negative Gap | O15: {=_xlfn.SWITCH(N15,"No Gap","persepsi diri Selaras dengan penilaian Atasan","Minor Positive Gap","Self-assessment sedikit lebih tinggi dari superior assessment","Major Positive Gap","Self-assessment jauh lebih tinggi dari perilaku yang tampak menurut atasan","Minor Negative Gap","Self-assessment sedikit lebih rendah dari superior assessment","Major Negative Gap","Self-assessment jauh lebih rendah dari perilaku yang tampak menurut atasan","")} -> Self-assessment sedikit lebih rendah dari superior assessment | P15: {=_xlfn.SWITCH(N15,"No Gap","persepsi diri Selaras dengan perilaku yang ditunjukan","Minor Positive Gap","Individu merasa sudah sangat baik, tetapi atasan melihat baru cukup baik","Major Positive Gap","Ada potensi blind spot; perilaku belum terlihat sekuat persepsi diri","Minor Negative Gap","Individu mungkin kurang percaya diri atau belum menyadari kekuatannya","Major Negative Gap","Ada hidden strength; individu tidak menyadari bahwa perilakunya sudah terlihat kuat","")} -> Individu mungkin kurang percaya diri atau belum menyadari kekuatannya
A16: 4 | B16: Understanding Strengths & Weaknesses (memahami kekuatan & kelemahan) | C16: Dalam memahami kekuatan dan area pengembangan diri, perilaku yang paling sering ditunjukkan adalah… | D16: Tidak mengevaluasi kekuatan/kelemahan diri dan menganggap evaluasi diri tidak penting. | E16: Memikirkan kemampuan diri hanya ketika diminta dalam konteks formal. | F16: Sesekali merefleksikan kekuatan dan kelemahan setelah pengalaman penting atau kegagalan. | G16: Rutin mengevaluasi perkembangan kemampuan diri dan menyesuaikan tindakan. | H16: Menjadikan pemahaman kekuatan dan kelemahan sebagai dasar keputusan, peran, dan pengembangan diri. | I16: 2 | J16: Memikirkan kemampuan diri hanya ketika diminta dalam konteks formal. | K16: 3 | L16: Sesekali merefleksikan kekuatan dan kelemahan setelah pengalaman penting atau kegagalan. | M16: =I16-K16 -> -1 | N16: {=_xlfn.IFS(M16>=2,"Major Positive Gap",M16>=1,"Minor Positive Gap",M16>=0,"No Gap",M16>=-1,"Minor Negative Gap",M16<=-2,"Major Negative Gap")} -> Minor Negative Gap | O16: {=_xlfn.SWITCH(N16,"No Gap","persepsi diri Selaras dengan penilaian Atasan","Minor Positive Gap","Self-assessment sedikit lebih tinggi dari superior assessment","Major Positive Gap","Self-assessment jauh lebih tinggi dari perilaku yang tampak menurut atasan","Minor Negative Gap","Self-assessment sedikit lebih rendah dari superior assessment","Major Negative Gap","Self-assessment jauh lebih rendah dari perilaku yang tampak menurut atasan","")} -> Self-assessment sedikit lebih rendah dari superior assessment | P16: {=_xlfn.SWITCH(N16,"No Gap","persepsi diri Selaras dengan perilaku yang ditunjukan","Minor Positive Gap","Individu merasa sudah sangat baik, tetapi atasan melihat baru cukup baik","Major Positive Gap","Ada potensi blind spot; perilaku belum terlihat sekuat persepsi diri","Minor Negative Gap","Individu mungkin kurang percaya diri atau belum menyadari kekuatannya","Major Negative Gap","Ada hidden strength; individu tidak menyadari bahwa perilakunya sudah terlihat kuat","")} -> Individu mungkin kurang percaya diri atau belum menyadari kekuatannya
A17: 5 | B17: Reflective Practices (melakukan refleksi diri) | C17: Setelah mengalami pengalaman kerja, keberhasilan, kegagalan, atau situasi penting, perilaku yang paling sering ditunjukkan adalah… | D17: Jarang mengevaluasi pengalaman dan kurang mengambil pembelajaran. | E17: Sesekali melakukan evaluasi diri, tetapi belum konsisten dan belum berdampak pada perubahan. | F17: Cukup sering melakukan refleksi setelah pengalaman penting dan mengambil pelajaran. | G17: Konsisten mengevaluasi pengalaman, menarik pembelajaran, dan meningkatkan kinerja. | H17: Sangat reflektif dan mengubah pengalaman menjadi pembelajaran yang mempercepat perkembangan diri. | I17: 3 | J17: Cukup sering melakukan refleksi setelah pengalaman penting dan mengambil pelajaran. | K17: 4 | L17: Konsisten mengevaluasi pengalaman, menarik pembelajaran, dan meningkatkan kinerja. | M17: =I17-K17 -> -1 | N17: {=_xlfn.IFS(M17>=2,"Major Positive Gap",M17>=1,"Minor Positive Gap",M17>=0,"No Gap",M17>=-1,"Minor Negative Gap",M17<=-2,"Major Negative Gap")} -> Minor Negative Gap | O17: {=_xlfn.SWITCH(N17,"No Gap","persepsi diri Selaras dengan penilaian Atasan","Minor Positive Gap","Self-assessment sedikit lebih tinggi dari superior assessment","Major Positive Gap","Self-assessment jauh lebih tinggi dari perilaku yang tampak menurut atasan","Minor Negative Gap","Self-assessment sedikit lebih rendah dari superior assessment","Major Negative Gap","Self-assessment jauh lebih rendah dari perilaku yang tampak menurut atasan","")} -> Self-assessment sedikit lebih rendah dari superior assessment | P17: {=_xlfn.SWITCH(N17,"No Gap","persepsi diri Selaras dengan perilaku yang ditunjukan","Minor Positive Gap","Individu merasa sudah sangat baik, tetapi atasan melihat baru cukup baik","Major Positive Gap","Ada potensi blind spot; perilaku belum terlihat sekuat persepsi diri","Minor Negative Gap","Individu mungkin kurang percaya diri atau belum menyadari kekuatannya","Major Negative Gap","Ada hidden strength; individu tidak menyadari bahwa perilakunya sudah terlihat kuat","")} -> Individu mungkin kurang percaya diri atau belum menyadari kekuatannya
A18: 6 | B18: Proactive Self-Development for Adaptation (aktif mengembangkan diri) | C18: Ketika menghadapi tuntutan baru, perubahan peran, atau kebutuhan kompetensi baru, perilaku yang paling sering ditunjukkan adalah… | D18: Menganggap pengembangan diri sebagai tanggung jawab perusahaan atau atasan. | E18: Membuat rencana pengembangan diri hanya ketika diminta atau dibutuhkan. | F18: Mandiri mencari pengembangan diri, terutama pengetahuan relevan dengan pekerjaan. | G18: Aktif membuat rencana pengembangan, mencari keterampilan baru, dan menerapkannya dalam pekerjaan. | H18: Konsisten mengembangkan pengetahuan, keterampilan, dan kematangan pribadi untuk tuntutan yang lebih kompleks. | I18: 4 | J18: Aktif membuat rencana pengembangan, mencari keterampilan baru, dan menerapkannya dalam pekerjaan. | K18: 5 | L18: Konsisten mengembangkan pengetahuan, keterampilan, dan kematangan pribadi untuk tuntutan yang lebih kompleks. | M18: =I18-K18 -> -1 | N18: {=_xlfn.IFS(M18>=2,"Major Positive Gap",M18>=1,"Minor Positive Gap",M18>=0,"No Gap",M18>=-1,"Minor Negative Gap",M18<=-2,"Major Negative Gap")} -> Minor Negative Gap | O18: {=_xlfn.SWITCH(N18,"No Gap","persepsi diri Selaras dengan penilaian Atasan","Minor Positive Gap","Self-assessment sedikit lebih tinggi dari superior assessment","Major Positive Gap","Self-assessment jauh lebih tinggi dari perilaku yang tampak menurut atasan","Minor Negative Gap","Self-assessment sedikit lebih rendah dari superior assessment","Major Negative Gap","Self-assessment jauh lebih rendah dari perilaku yang tampak menurut atasan","")} -> Self-assessment sedikit lebih rendah dari superior assessment | P18: {=_xlfn.SWITCH(N18,"No Gap","persepsi diri Selaras dengan perilaku yang ditunjukan","Minor Positive Gap","Individu merasa sudah sangat baik, tetapi atasan melihat baru cukup baik","Major Positive Gap","Ada potensi blind spot; perilaku belum terlihat sekuat persepsi diri","Minor Negative Gap","Individu mungkin kurang percaya diri atau belum menyadari kekuatannya","Major Negative Gap","Ada hidden strength; individu tidak menyadari bahwa perilakunya sudah terlihat kuat","")} -> Individu mungkin kurang percaya diri atau belum menyadari kekuatannya
A19: 7 | B19: Objective Self-Assessment (menilai diri secara objektif) | C19: Ketika menilai kemampuan, kinerja, atau kesiapan dirinya, perilaku yang paling sering ditunjukkan adalah… | D19: Menilai diri berdasarkan persepsi pribadi tanpa mempertimbangkan data atau masukan. | E19: Berusaha objektif, tetapi masih mudah dipengaruhi asumsi pribadi. | F19: Cukup objektif dengan mempertimbangkan beberapa fakta atau masukan. | G19: Menilai diri secara realistis, objektif, dan berbasis evidence hasil kerja maupun feedback. | H19: Mengevaluasi kemampuan diri secara tajam berbasis data, feedback, dan standar peran lebih tinggi. | I19: 5 | J19: Mengevaluasi kemampuan diri secara tajam berbasis data, feedback, dan standar peran lebih tinggi. | K19: 1 | L19: Menilai diri berdasarkan persepsi pribadi tanpa mempertimbangkan data atau masukan. | M19: =I19-K19 -> 4 | N19: {=_xlfn.IFS(M19>=2,"Major Positive Gap",M19>=1,"Minor Positive Gap",M19>=0,"No Gap",M19>=-1,"Minor Negative Gap",M19<=-2,"Major Negative Gap")} -> Major Positive Gap | O19: {=_xlfn.SWITCH(N19,"No Gap","persepsi diri Selaras dengan penilaian Atasan","Minor Positive Gap","Self-assessment sedikit lebih tinggi dari superior assessment","Major Positive Gap","Self-assessment jauh lebih tinggi dari perilaku yang tampak menurut atasan","Minor Negative Gap","Self-assessment sedikit lebih rendah dari superior assessment","Major Negative Gap","Self-assessment jauh lebih rendah dari perilaku yang tampak menurut atasan","")} -> Self-assessment jauh lebih tinggi dari perilaku yang tampak menurut atasan | P19: {=_xlfn.SWITCH(N19,"No Gap","persepsi diri Selaras dengan perilaku yang ditunjukan","Minor Positive Gap","Individu merasa sudah sangat baik, tetapi atasan melihat baru cukup baik","Major Positive Gap","Ada potensi blind spot; perilaku belum terlihat sekuat persepsi diri","Minor Negative Gap","Individu mungkin kurang percaya diri atau belum menyadari kekuatannya","Major Negative Gap","Ada hidden strength; individu tidak menyadari bahwa perilakunya sudah terlihat kuat","")} -> Ada potensi blind spot; perilaku belum terlihat sekuat persepsi diri
A20: 8 | B20: Awareness of Impact on Others (memahami dampak perilaku terhadap orang lain) | C20: Ketika perilaku, keputusan, atau cara komunikasinya memengaruhi orang lain, perilaku yang paling sering ditunjukkan adalah… | D20: Tidak menyadari dampak perilakunya terhadap orang lain atau suasana kerja. | E20: Kadang menyadari dampaknya, tetapi belum konsisten menyesuaikan perilaku. | F20: Cukup sadar bahwa perilaku dan komunikasinya memengaruhi orang lain. | G20: Memahami dampak perilakunya dan menyesuaikan cara bertindak/berkomunikasi. | H20: Sangat peka terhadap dampak dirinya dan mampu menciptakan lingkungan kerja yang lebih sehat. | I20: 1 | J20: Tidak menyadari dampak perilakunya terhadap orang lain atau suasana kerja. | K20: 2 | L20: Kadang menyadari dampaknya, tetapi belum konsisten menyesuaikan perilaku. | M20: =I20-K20 -> -1 | N20: {=_xlfn.IFS(M20>=2,"Major Positive Gap",M20>=1,"Minor Positive Gap",M20>=0,"No Gap",M20>=-1,"Minor Negative Gap",M20<=-2,"Major Negative Gap")} -> Minor Negative Gap | O20: {=_xlfn.SWITCH(N20,"No Gap","persepsi diri Selaras dengan penilaian Atasan","Minor Positive Gap","Self-assessment sedikit lebih tinggi dari superior assessment","Major Positive Gap","Self-assessment jauh lebih tinggi dari perilaku yang tampak menurut atasan","Minor Negative Gap","Self-assessment sedikit lebih rendah dari superior assessment","Major Negative Gap","Self-assessment jauh lebih rendah dari perilaku yang tampak menurut atasan","")} -> Self-assessment sedikit lebih rendah dari superior assessment | P20: {=_xlfn.SWITCH(N20,"No Gap","persepsi diri Selaras dengan perilaku yang ditunjukan","Minor Positive Gap","Individu merasa sudah sangat baik, tetapi atasan melihat baru cukup baik","Major Positive Gap","Ada potensi blind spot; perilaku belum terlihat sekuat persepsi diri","Minor Negative Gap","Individu mungkin kurang percaya diri atau belum menyadari kekuatannya","Major Negative Gap","Ada hidden strength; individu tidak menyadari bahwa perilakunya sudah terlihat kuat","")} -> Individu mungkin kurang percaya diri atau belum menyadari kekuatannya
A21: 9 | B21: Managing Emotions Effectively (mengelola emosi secara matang) | C21: Ketika berada dalam situasi yang memicu emosi, tekanan, konflik, atau ketidaknyamanan, perilaku yang paling sering ditunjukkan adalah… | D21: Impulsif, reaktif, atau mudah dikendalikan emosi. | E21: Mulai mengenali emosi, tetapi sering baru sadar setelah reaksi emosional terjadi. | F21: Mengidentifikasi emosi yang muncul dan mulai memilih respons konstruktif. | G21: Mengelola emosi dengan baik, tetap tenang, dan menjaga respons profesional. | H21: Memiliki kendali emosi matang, menenangkan diri/orang lain, dan menjaga kualitas keputusan dalam tekanan tinggi. | I21: 2 | J21: Mulai mengenali emosi, tetapi sering baru sadar setelah reaksi emosional terjadi. | K21: 3 | L21: Mengidentifikasi emosi yang muncul dan mulai memilih respons konstruktif. | M21: =I21-K21 -> -1 | N21: {=_xlfn.IFS(M21>=2,"Major Positive Gap",M21>=1,"Minor Positive Gap",M21>=0,"No Gap",M21>=-1,"Minor Negative Gap",M21<=-2,"Major Negative Gap")} -> Minor Negative Gap | O21: {=_xlfn.SWITCH(N21,"No Gap","persepsi diri Selaras dengan penilaian Atasan","Minor Positive Gap","Self-assessment sedikit lebih tinggi dari superior assessment","Major Positive Gap","Self-assessment jauh lebih tinggi dari perilaku yang tampak menurut atasan","Minor Negative Gap","Self-assessment sedikit lebih rendah dari superior assessment","Major Negative Gap","Self-assessment jauh lebih rendah dari perilaku yang tampak menurut atasan","")} -> Self-assessment sedikit lebih rendah dari superior assessment | P21: {=_xlfn.SWITCH(N21,"No Gap","persepsi diri Selaras dengan perilaku yang ditunjukan","Minor Positive Gap","Individu merasa sudah sangat baik, tetapi atasan melihat baru cukup baik","Major Positive Gap","Ada potensi blind spot; perilaku belum terlihat sekuat persepsi diri","Minor Negative Gap","Individu mungkin kurang percaya diri atau belum menyadari kekuatannya","Major Negative Gap","Ada hidden strength; individu tidak menyadari bahwa perilakunya sudah terlihat kuat","")} -> Individu mungkin kurang percaya diri atau belum menyadari kekuatannya
A22: 10 | B22: Deep Pattern Recognition & Bias Awareness (refleksi diri mendalam & autentik) | C22: Dalam melakukan refleksi mendalam terhadap pola perilaku, keputusan, emosi, dan bias diri, perilaku yang paling sering ditunjukkan adalah… | D22: Menganggap refleksi mendalam atas tindakan, emosi, atau pola diri tidak penting. | E22: Melakukan refleksi terbatas dan lebih banyak melihat faktor eksternal. | F22: Mulai merefleksikan faktor eksternal, internal, dan respons emosional dalam situasi tertentu. | G22: Aktif menganalisis pola berulang dalam tindakan, keputusan, emosi, dan respons diri. | H22: Mengenali pola diri dan bias secara mendalam, memprediksi reaksi pribadi, mengelolanya matang, dan menjadi role model autentik. | I22: 3 | J22: Mulai merefleksikan faktor eksternal, internal, dan respons emosional dalam situasi tertentu. | K22: 4 | L22: Aktif menganalisis pola berulang dalam tindakan, keputusan, emosi, dan respons diri. | M22: =I22-K22 -> -1 | N22: {=_xlfn.IFS(M22>=2,"Major Positive Gap",M22>=1,"Minor Positive Gap",M22>=0,"No Gap",M22>=-1,"Minor Negative Gap",M22<=-2,"Major Negative Gap")} -> Minor Negative Gap | O22: {=_xlfn.SWITCH(N22,"No Gap","persepsi diri Selaras dengan penilaian Atasan","Minor Positive Gap","Self-assessment sedikit lebih tinggi dari superior assessment","Major Positive Gap","Self-assessment jauh lebih tinggi dari perilaku yang tampak menurut atasan","Minor Negative Gap","Self-assessment sedikit lebih rendah dari superior assessment","Major Negative Gap","Self-assessment jauh lebih rendah dari perilaku yang tampak menurut atasan","")} -> Self-assessment sedikit lebih rendah dari superior assessment | P22: {=_xlfn.SWITCH(N22,"No Gap","persepsi diri Selaras dengan perilaku yang ditunjukan","Minor Positive Gap","Individu merasa sudah sangat baik, tetapi atasan melihat baru cukup baik","Major Positive Gap","Ada potensi blind spot; perilaku belum terlihat sekuat persepsi diri","Minor Negative Gap","Individu mungkin kurang percaya diri atau belum menyadari kekuatannya","Major Negative Gap","Ada hidden strength; individu tidak menyadari bahwa perilakunya sudah terlihat kuat","")} -> Individu mungkin kurang percaya diri atau belum menyadari kekuatannya
A23: AVERAGE SCORE | I23: =AVERAGE(I13:J22) -> 3 | J23: =AVERAGE(J13:K22) -> 3 | K23: =AVERAGE(K13:L22) -> 3 | M23: =I23-K23 -> 0 | N23: {=_xlfn.IFS(VALUE(M23)>=1,"Major Positive Gap",VALUE(M23)>=0.5,"Minor Positive Gap",VALUE(M23)>=-0.49,"Aligned",VALUE(M23)>=-0.99,"Minor Negative Gap",VALUE(M23)<=-1,"Major Negative Gap")} -> Aligned | O23: {=_xlfn.SWITCH(N23,"Aligned","Aligned Perception","Minor Positive Gap","Slight Overestimation","Major Positive Gap","Significant Overestimation / Potential Blind Spot","Minor Negative Gap","Slight Underestimation","Major Negative Gap","Significant Underestimation / Hidden Strength","")} -> Aligned Perception

Sheet Profile Summary
A2: =Identitas!B2 -> Nama | B2: =Identitas!D2 -> Ana Kholifah
A3: =Identitas!B3 -> Nama Atasan yang menilai | B3: =Identitas!D3 -> Julia Edwita
A4: =Identitas!B4 -> Level Saat Ini | B4: =Identitas!D4 -> Officer
A5: =Identitas!B5 -> Level Tujuan | B5: =Identitas!D5 -> Analyst
A6: =Identitas!B6 -> Tanggal Assesment | B6: =Identitas!D6 -> 46050.561
A7: =Identitas!B7 -> Unit | B7: =Identitas!D7 -> Human Capital Operation & Service
A8: =Identitas!B8 -> Departemen | B8: =Identitas!D8 -> Human Capital Shared Service
A9: =Identitas!B9 -> Divisi | B9: =Identitas!D9 -> 0
A10: =Identitas!B10 -> Direktorat | B10: =Identitas!D10 -> Resources & Innovation
A12: A. PROFILE SUMMARY
A13: Dimensi | B13: Average Score (max 5) | C13: Performance Level | D13: Outstanding Strength (Score 5) | E13: Key Strength (Score 4) | F13: Developing Areas (Score 3) | G13: Focus for Improvement (Score 2) | H13: Priority for Development (Score 1)
A14: Mental Agility | B14: ='mental agility'!K23 -> 3 | C14: =IF(B14>=4.5,"Excellent",IF(B14>=4,"Strong",IF(B14>=3,"Meet","Needs Development"))) -> Meet | D14: {=_xlfn.TEXTJOIN(CHAR(10),TRUE,IF('mental agility'!K13:K22=5,"• "&'mental agility'!B13:B22,""))} -> • Analytical Thinking (memahami data & fakta dasar) • Integrating Diverse Perspective (pengambilan keputusan melihat dari berbagai sudut pandang) | E14: {=_xlfn.TEXTJOIN(CHAR(10),TRUE,IF('mental agility'!K13:K22=4,"• "&'mental agility'!B13:B22,""))} -> • Intellectual Synthesis (menghubungkan berbagai informasi) • Tolerance for Ambiguity (mampu memimpin dalam uncertainty tinggi) | F14: {=_xlfn.TEXTJOIN(CHAR(10),TRUE,IF('mental agility'!K13:K22=3,"• "&'mental agility'!B13:B22,""))} -> • Explaining Complexity (menjelaskan hal kompleks secara sederhana) • Comfort with Ambiguity (tetap efektif di situasi tidak jelas) | G14: {=_xlfn.TEXTJOIN(CHAR(10),TRUE,IF('mental agility'!K13:K22=2,"• "&'mental agility'!B13:B22,""))} -> • Critical Thinking & Inquisitiveness (mempertanyakan & mengevaluasi) • Breaking Patterned thinking (menciptakan solusi baru) | H14: {=_xlfn.TEXTJOIN(CHAR(10),TRUE,IF('mental agility'!K13:K22=1,"• "&'mental agility'!B13:B22,""))} -> • Root Cause Analysis (mencari penyebab masalah) • Creative Exploration (mencari pendekatan baru)
A15: People Agility | B15: ='people agility'!K23 -> 3 | C15: =IF(B15>=4.5,"Excellent",IF(B15>=4,"Strong",IF(B15>=3,"Meet","Needs Development"))) -> Meet | D15: {=_xlfn.TEXTJOIN(CHAR(10),TRUE,IF('people agility'!K13:K22=5,"• "&'people agility'!B13:B22,""))} -> • Listening for understanding (mendengarkan & memahami dasar) • Understanding Different Perspectives (Analisis multi-sudut pandang untuk pemahaman mendalam) | E15: {=_xlfn.TEXTJOIN(CHAR(10),TRUE,IF('people agility'!K13:K22=4,"• "&'people agility'!B13:B22,""))} -> • Valuing Diverse Opinions (Menghargai opini berbeda dalam pengambilan keputusan) • Conflict Mediation (menjadi penengah & penyatu pihak berbeda) | F15: {=_xlfn.TEXTJOIN(CHAR(10),TRUE,IF('people agility'!K13:K22=3,"• "&'people agility'!B13:B22,""))} -> • Collaboration with Diversity (Bekerja efektif dalam keberagaman) • Managing Challenging Stakeholder (Mengelola relasi berkelanjutan dengan stakeholder sulit) | G15: {=_xlfn.TEXTJOIN(CHAR(10),TRUE,IF('people agility'!K13:K22=2,"• "&'people agility'!B13:B22,""))} -> • Genuine Curiosity about Others (rasa ingin tahu tulus pada orang lain) • Conflict Navigation (menghadapi konflik secara konstruktif) | H15: {=_xlfn.TEXTJOIN(CHAR(10),TRUE,IF('people agility'!K13:K22=1,"• "&'people agility'!B13:B22,""))} -> • Openness to Feedback (menerima & mencari masukan) • Empathy (Merasakan & memahami emosi orang lain)
A16: Change Agility | B16: ='change agility'!K23 -> 3 | C16: =IF(B16>=4.5,"Excellent",IF(B16>=4,"Strong",IF(B16>=3,"Meet","Needs Development"))) -> Meet | D16: {=_xlfn.TEXTJOIN(CHAR(10),TRUE,IF('change agility'!K13:K22=5,"• "&'change agility'!B13:B22,""))} -> • Adapting to New Systems (mengikuti perubahan dasar) • Viewing Change as Opportunity (melihat perubahan sebagai peluang) | E16: {=_xlfn.TEXTJOIN(CHAR(10),TRUE,IF('change agility'!K13:K22=4,"• "&'change agility'!B13:B22,""))} -> • Adaptive Learning & Experimentation (aktif belajar hal baru) • Proactive in Anticipating Change (mengantisipasi perubahan sebelum terjadi) | F16: {=_xlfn.TEXTJOIN(CHAR(10),TRUE,IF('change agility'!K13:K22=3,"• "&'change agility'!B13:B22,""))} -> • Managing Resistance to Change (pengelolaan resistensi) • Calmness in Uncertainty (tetap tenang di kondisi tidak pasti) | G16: {=_xlfn.TEXTJOIN(CHAR(10),TRUE,IF('change agility'!K13:K22=2,"• "&'change agility'!B13:B22,""))} -> • Comfort with Sudden Change (tetap bekerja saat perubahan mendadak) • Risk-Taking for Innovation (berani mencoba pendekatan baru) | H16: {=_xlfn.TEXTJOIN(CHAR(10),TRUE,IF('change agility'!K13:K22=1,"• "&'change agility'!B13:B22,""))} -> • Comfort with New Ways of Working (mulai nyaman dengan cara kerja baru) • Proposing New Ideas (mulai menginisiasi perubahan)
A17: Result Agility | B17: ='result agility'!K23 -> 3 | C17: =IF(B17>=4.5,"Excellent",IF(B17>=4,"Strong",IF(B17>=3,"Meet","Needs Development"))) -> Meet | D17: {=_xlfn.TEXTJOIN(CHAR(10),TRUE,IF('result agility'!K13:K22=5,"• "&'result agility'!B13:B22,""))} -> • Task Completion Quality (menyelesaikan tugas dengan baik) • Deciding with Incomplete Data (mengambil keputusan dengan data/informasi terbatas) | E17: {=_xlfn.TEXTJOIN(CHAR(10),TRUE,IF('result agility'!K13:K22=4,"• "&'result agility'!B13:B22,""))} -> • Learning from Outcomes (belajar dari hasil & kesalahan tim) • Drive for High Performance (sistem perencanaan berkinerja tinggi) | F17: {=_xlfn.TEXTJOIN(CHAR(10),TRUE,IF('result agility'!K13:K22=3,"• "&'result agility'!B13:B22,""))} -> • Tenacity & Strategic Persistence (menjaga komitmen di tengah tantangan) • Agile Problem-Solving Under Pressure (rencana di tengah ketidakpastian) | G17: {=_xlfn.TEXTJOIN(CHAR(10),TRUE,IF('result agility'!K13:K22=2,"• "&'result agility'!B13:B22,""))} -> • Driving for impact (fokus pada hasil kerja) • Adapting Strategy When Needed (mengubah strategi untuk hasil lebih baik) | H17: {=_xlfn.TEXTJOIN(CHAR(10),TRUE,IF('result agility'!K13:K22=1,"• "&'result agility'!B13:B22,""))} -> • Action-Oriented & Takes Initiative (proaktif bertindak) • Focus Under Pressure (tetap fokus dalam tekanan tinggi)
A18: Self Awareness | B18: ='self awareness'!K23 -> 3 | C18: =IF(B18>=4.5,"Excellent",IF(B18>=4,"Strong",IF(B18>=3,"Meet","Needs Development"))) -> Meet | D18: {=_xlfn.TEXTJOIN(CHAR(10),TRUE,IF('self awareness'!K13:K22=5,"• "&'self awareness'!B13:B22,""))} -> • Openness to Criticism (menerima kritik dasar) • Proactive Self-Development for Adaptation (aktif mengembangkan diri) | E18: {=_xlfn.TEXTJOIN(CHAR(10),TRUE,IF('self awareness'!K13:K22=4,"• "&'self awareness'!B13:B22,""))} -> • Reflective Practices (melakukan refleksi diri) • Deep Pattern Recognition & Bias Awareness (refleksi diri mendalam & autentik) | F18: {=_xlfn.TEXTJOIN(CHAR(10),TRUE,IF('self awareness'!K13:K22=3,"• "&'self awareness'!B13:B22,""))} -> • Understanding Strengths & Weaknesses (memahami kekuatan & kelemahan) • Managing Emotions Effectively (mengelola emosi secara matang) | G18: {=_xlfn.TEXTJOIN(CHAR(10),TRUE,IF('self awareness'!K13:K22=2,"• "&'self awareness'!B13:B22,""))} -> • Seeking Feedback on Performance (mencari feedback) • Awareness of Impact on Others (memahami dampak perilaku terhadap orang lain) | H18: {=_xlfn.TEXTJOIN(CHAR(10),TRUE,IF('self awareness'!K13:K22=1,"• "&'self awareness'!B13:B22,""))} -> • Admitting Mistakes (mengakui kesalahan) • Objective Self-Assessment (menilai diri secara objektif)
A19: OVERALL | B19: =AVERAGE(B14:B18) -> 3 | C19: =IF(B19>=4.5,"Highly Agile",IF(B19>=4,"Agile",IF(B19>=3,"Moderately Agile","Developing"))) -> Moderately Agile | D19: mentor skala agility 4
A22: 2. Self Awareness Gap Score
A23: a. Mental Agility
A24: Indicator | B24: Score Self | C24: Score Superior | D24: Gap Score Self-Sup | E24: Gap
A25: ='mental agility'!B13 -> Analytical Thinking (memahami data & fakta dasar) | B25: ='mental agility'!I13 -> 4 | C25: ='mental agility'!K13 -> 5 | D25: ='mental agility'!M13 -> -1 | E25: ='mental agility'!N13 -> Minor Negative Gap
A26: ='mental agility'!B14 -> Root Cause Analysis (mencari penyebab masalah) | B26: ='mental agility'!I14 -> 5 | C26: ='mental agility'!K14 -> 1 | D26: ='mental agility'!M14 -> 4 | E26: ='mental agility'!N14 -> Major Positive Gap
A27: ='mental agility'!B15 -> Critical Thinking & Inquisitiveness (mempertanyakan & mengevaluasi) | B27: ='mental agility'!I15 -> 1 | C27: ='mental agility'!K15 -> 2 | D27: ='mental agility'!M15 -> -1 | E27: ='mental agility'!N15 -> Minor Negative Gap
A28: ='mental agility'!B16 -> Explaining Complexity (menjelaskan hal kompleks secara sederhana) | B28: ='mental agility'!I16 -> 2 | C28: ='mental agility'!K16 -> 3 | D28: ='mental agility'!M16 -> -1 | E28: ='mental agility'!N16 -> Minor Negative Gap
A29: ='mental agility'!B17 -> Intellectual Synthesis (menghubungkan berbagai informasi) | B29: ='mental agility'!I17 -> 3 | C29: ='mental agility'!K17 -> 4 | D29: ='mental agility'!M17 -> -1 | E29: ='mental agility'!N17 -> Minor Negative Gap
A30: ='mental agility'!B18 -> Integrating Diverse Perspective (pengambilan keputusan melihat dari berbagai sudut pandang) | B30: ='mental agility'!I18 -> 4 | C30: ='mental agility'!K18 -> 5 | D30: ='mental agility'!M18 -> -1 | E30: ='mental agility'!N18 -> Minor Negative Gap
A31: ='mental agility'!B19 -> Creative Exploration (mencari pendekatan baru) | B31: ='mental agility'!I19 -> 5 | C31: ='mental agility'!K19 -> 1 | D31: ='mental agility'!M19 -> 4 | E31: ='mental agility'!N19 -> Major Positive Gap
A32: ='mental agility'!B20 -> Breaking Patterned thinking (menciptakan solusi baru) | B32: ='mental agility'!I20 -> 1 | C32: ='mental agility'!K20 -> 2 | D32: ='mental agility'!M20 -> -1 | E32: ='mental agility'!N20 -> Minor Negative Gap
A33: ='mental agility'!B21 -> Comfort with Ambiguity (tetap efektif di situasi tidak jelas) | B33: ='mental agility'!I21 -> 2 | C33: ='mental agility'!K21 -> 3 | D33: ='mental agility'!M21 -> -1 | E33: ='mental agility'!N21 -> Minor Negative Gap
A34: ='mental agility'!B22 -> Tolerance for Ambiguity (mampu memimpin dalam uncertainty tinggi) | B34: ='mental agility'!I22 -> 3 | C34: ='mental agility'!K22 -> 4 | D34: ='mental agility'!M22 -> -1 | E34: ='mental agility'!N22 -> Minor Negative Gap
A35: Overall Average | B35: ='mental agility'!I23 -> 3 | C35: ='mental agility'!K23 -> 3 | D35: ='mental agility'!M23 -> 0 | E35: ='mental agility'!N23 -> Aligned
A37: b. People Agility
A38: Indicator | B38: Score Self | C38: Score Superior | D38: Gap Score Self-Sup | E38: Gap
A39: ='people agility'!B13 -> Listening for understanding (mendengarkan & memahami dasar) | B39: ='people agility'!I13 -> 4 | C39: ='people agility'!K13 -> 5 | D39: ='people agility'!M13 -> -1 | E39: ='people agility'!N13 -> Minor Negative Gap
A40: ='people agility'!B14 -> Openness to Feedback (menerima & mencari masukan) | B40: ='people agility'!I14 -> 5 | C40: ='people agility'!K14 -> 1 | D40: ='people agility'!M14 -> 4 | E40: ='people agility'!N14 -> Major Positive Gap
A41: ='people agility'!B15 -> Genuine Curiosity about Others (rasa ingin tahu tulus pada orang lain) | B41: ='people agility'!I15 -> 1 | C41: ='people agility'!K15 -> 2 | D41: ='people agility'!M15 -> -1 | E41: ='people agility'!N15 -> Minor Negative Gap
A42: ='people agility'!B16 -> Collaboration with Diversity (Bekerja efektif dalam keberagaman) | B42: ='people agility'!I16 -> 2 | C42: ='people agility'!K16 -> 3 | D42: ='people agility'!M16 -> -1 | E42: ='people agility'!N16 -> Minor Negative Gap
A43: ='people agility'!B17 -> Valuing Diverse Opinions (Menghargai opini berbeda dalam pengambilan keputusan) | B43: ='people agility'!I17 -> 3 | C43: ='people agility'!K17 -> 4 | D43: ='people agility'!M17 -> -1 | E43: ='people agility'!N17 -> Minor Negative Gap
A44: ='people agility'!B18 -> Understanding Different Perspectives (Analisis multi-sudut pandang untuk pemahaman mendalam) | B44: ='people agility'!I18 -> 4 | C44: ='people agility'!K18 -> 5 | D44: ='people agility'!M18 -> -1 | E44: ='people agility'!N18 -> Minor Negative Gap
A45: ='people agility'!B19 -> Empathy (Merasakan & memahami emosi orang lain) | B45: ='people agility'!I19 -> 5 | C45: ='people agility'!K19 -> 1 | D45: ='people agility'!M19 -> 4 | E45: ='people agility'!N19 -> Major Positive Gap
A46: ='people agility'!B20 -> Conflict Navigation (menghadapi konflik secara konstruktif) | B46: ='people agility'!I20 -> 1 | C46: ='people agility'!K20 -> 2 | D46: ='people agility'!M20 -> -1 | E46: ='people agility'!N20 -> Minor Negative Gap
A47: ='people agility'!B21 -> Managing Challenging Stakeholder (Mengelola relasi berkelanjutan dengan stakeholder sulit) | B47: ='people agility'!I21 -> 2 | C47: ='people agility'!K21 -> 3 | D47: ='people agility'!M21 -> -1 | E47: ='people agility'!N21 -> Minor Negative Gap
A48: ='people agility'!B22 -> Conflict Mediation (menjadi penengah & penyatu pihak berbeda) | B48: ='people agility'!I22 -> 3 | C48: ='people agility'!K22 -> 4 | D48: ='people agility'!M22 -> -1 | E48: ='people agility'!N22 -> Minor Negative Gap
A49: Overall Average | B49: ='people agility'!I23 -> 3 | C49: ='people agility'!K23 -> 3 | D49: ='people agility'!M23 -> 0 | E49: ='people agility'!N23 -> Aligned
A51: c. Change Agility
A52: Indicator | B52: Score Self | C52: Score Superior | D52: Gap Score Self-Sup | E52: Gap
A53: ='change agility'!B13 -> Adapting to New Systems (mengikuti perubahan dasar) | B53: ='change agility'!I13 -> 4 | C53: ='change agility'!K13 -> 5 | D53: ='change agility'!M13 -> -1 | E53: ='change agility'!N13 -> Minor Negative Gap
A54: ='change agility'!B14 -> Comfort with New Ways of Working (mulai nyaman dengan cara kerja baru) | B54: ='change agility'!I14 -> 5 | C54: ='change agility'!K14 -> 1 | D54: ='change agility'!M14 -> 4 | E54: ='change agility'!N14 -> Major Positive Gap
A55: ='change agility'!B15 -> Comfort with Sudden Change (tetap bekerja saat perubahan mendadak) | B55: ='change agility'!I15 -> 1 | C55: ='change agility'!K15 -> 2 | D55: ='change agility'!M15 -> -1 | E55: ='change agility'!N15 -> Minor Negative Gap
A56: ='change agility'!B16 -> Managing Resistance to Change (pengelolaan resistensi) | B56: ='change agility'!I16 -> 2 | C56: ='change agility'!K16 -> 3 | D56: ='change agility'!M16 -> -1 | E56: ='change agility'!N16 -> Minor Negative Gap
A57: ='change agility'!B17 -> Adaptive Learning & Experimentation (aktif belajar hal baru) | B57: ='change agility'!I17 -> 3 | C57: ='change agility'!K17 -> 4 | D57: ='change agility'!M17 -> -1 | E57: ='change agility'!N17 -> Minor Negative Gap
A58: ='change agility'!B18 -> Viewing Change as Opportunity (melihat perubahan sebagai peluang) | B58: ='change agility'!I18 -> 4 | C58: ='change agility'!K18 -> 5 | D58: ='change agility'!M18 -> -1 | E58: ='change agility'!N18 -> Minor Negative Gap
A59: ='change agility'!B19 -> Proposing New Ideas (mulai menginisiasi perubahan) | B59: ='change agility'!I19 -> 5 | C59: ='change agility'!K19 -> 1 | D59: ='change agility'!M19 -> 4 | E59: ='change agility'!N19 -> Major Positive Gap
A60: ='change agility'!B20 -> Risk-Taking for Innovation (berani mencoba pendekatan baru) | B60: ='change agility'!I20 -> 1 | C60: ='change agility'!K20 -> 2 | D60: ='change agility'!M20 -> -1 | E60: ='change agility'!N20 -> Minor Negative Gap
A61: ='change agility'!B21 -> Calmness in Uncertainty (tetap tenang di kondisi tidak pasti) | B61: ='change agility'!I21 -> 2 | C61: ='change agility'!K21 -> 3 | D61: ='change agility'!M21 -> -1 | E61: ='change agility'!N21 -> Minor Negative Gap
A62: ='change agility'!B22 -> Proactive in Anticipating Change (mengantisipasi perubahan sebelum terjadi) | B62: ='change agility'!I22 -> 3 | C62: ='change agility'!K22 -> 4 | D62: ='change agility'!M22 -> -1 | E62: ='change agility'!N22 -> Minor Negative Gap
A63: Overall Average | B63: ='change agility'!I23 -> 3 | C63: ='change agility'!K23 -> 3 | D63: ='change agility'!M23 -> 0 | E63: ='change agility'!N23 -> Aligned
A66: d. Result Agility
A67: Indicator | B67: Score Self | C67: Score Superior | D67: Gap Score Self-Sup | E67: Gap
A68: ='result agility'!B13 -> Task Completion Quality (menyelesaikan tugas dengan baik) | B68: ='result agility'!I13 -> 4 | C68: ='result agility'!K13 -> 5 | D68: ='result agility'!M13 -> -1 | E68: ='result agility'!N13 -> Minor Negative Gap
A69: ='result agility'!B14 -> Action-Oriented & Takes Initiative (proaktif bertindak) | B69: ='result agility'!I14 -> 5 | C69: ='result agility'!K14 -> 1 | D69: ='result agility'!M14 -> 4 | E69: ='result agility'!N14 -> Major Positive Gap
A70: ='result agility'!B15 -> Driving for impact (fokus pada hasil kerja) | B70: ='result agility'!I15 -> 1 | C70: ='result agility'!K15 -> 2 | D70: ='result agility'!M15 -> -1 | E70: ='result agility'!N15 -> Minor Negative Gap
A71: ='result agility'!B16 -> Tenacity & Strategic Persistence (menjaga komitmen di tengah tantangan) | B71: ='result agility'!I16 -> 2 | C71: ='result agility'!K16 -> 3 | D71: ='result agility'!M16 -> -1 | E71: ='result agility'!N16 -> Minor Negative Gap
A72: ='result agility'!B17 -> Learning from Outcomes (belajar dari hasil & kesalahan tim) | B72: ='result agility'!I17 -> 3 | C72: ='result agility'!K17 -> 4 | D72: ='result agility'!M17 -> -1 | E72: ='result agility'!N17 -> Minor Negative Gap
A73: ='result agility'!B18 -> Deciding with Incomplete Data (mengambil keputusan dengan data/informasi terbatas) | B73: ='result agility'!I18 -> 4 | C73: ='result agility'!K18 -> 5 | D73: ='result agility'!M18 -> -1 | E73: ='result agility'!N18 -> Minor Negative Gap
A74: ='result agility'!B19 -> Focus Under Pressure (tetap fokus dalam tekanan tinggi) | B74: ='result agility'!I19 -> 5 | C74: ='result agility'!K19 -> 1 | D74: ='result agility'!M19 -> 4 | E74: ='result agility'!N19 -> Major Positive Gap
A75: ='result agility'!B20 -> Adapting Strategy When Needed (mengubah strategi untuk hasil lebih baik) | B75: ='result agility'!I20 -> 1 | C75: ='result agility'!K20 -> 2 | D75: ='result agility'!M20 -> -1 | E75: ='result agility'!N20 -> Minor Negative Gap
A76: ='result agility'!B21 -> Agile Problem-Solving Under Pressure (rencana di tengah ketidakpastian) | B76: ='result agility'!I21 -> 2 | C76: ='result agility'!K21 -> 3 | D76: ='result agility'!M21 -> -1 | E76: ='result agility'!N21 -> Minor Negative Gap
A77: ='result agility'!B22 -> Drive for High Performance (sistem perencanaan berkinerja tinggi) | B77: ='result agility'!I22 -> 3 | C77: ='result agility'!K22 -> 4 | D77: ='result agility'!M22 -> -1 | E77: ='result agility'!N22 -> Minor Negative Gap
A78: Overall Average | B78: ='result agility'!I23 -> 3 | C78: ='result agility'!K23 -> 3 | D78: ='result agility'!M23 -> 0 | E78: ='result agility'!N23 -> Aligned
A81: e. Self Awareness
A82: Indicator | B82: Score Self | C82: Score Superior | D82: Gap Score Self-Sup | E82: Gap
A83: ='self awareness'!B13 -> Openness to Criticism (menerima kritik dasar) | B83: ='self awareness'!I13 -> 4 | C83: ='self awareness'!K13 -> 5 | D83: ='self awareness'!M13 -> -1 | E83: ='self awareness'!N13 -> Minor Negative Gap
A84: ='self awareness'!B14 -> Admitting Mistakes (mengakui kesalahan) | B84: ='self awareness'!I14 -> 5 | C84: ='self awareness'!K14 -> 1 | D84: ='self awareness'!M14 -> 4 | E84: ='self awareness'!N14 -> Major Positive Gap
A85: ='self awareness'!B15 -> Seeking Feedback on Performance (mencari feedback) | B85: ='self awareness'!I15 -> 1 | C85: ='self awareness'!K15 -> 2 | D85: ='self awareness'!M15 -> -1 | E85: ='self awareness'!N15 -> Minor Negative Gap
A86: ='self awareness'!B16 -> Understanding Strengths & Weaknesses (memahami kekuatan & kelemahan) | B86: ='self awareness'!I16 -> 2 | C86: ='self awareness'!K16 -> 3 | D86: ='self awareness'!M16 -> -1 | E86: ='self awareness'!N16 -> Minor Negative Gap
A87: ='self awareness'!B17 -> Reflective Practices (melakukan refleksi diri) | B87: ='self awareness'!I17 -> 3 | C87: ='self awareness'!K17 -> 4 | D87: ='self awareness'!M17 -> -1 | E87: ='self awareness'!N17 -> Minor Negative Gap
A88: ='self awareness'!B18 -> Proactive Self-Development for Adaptation (aktif mengembangkan diri) | B88: ='self awareness'!I18 -> 4 | C88: ='self awareness'!K18 -> 5 | D88: ='self awareness'!M18 -> -1 | E88: ='self awareness'!N18 -> Minor Negative Gap
A89: ='self awareness'!B19 -> Objective Self-Assessment (menilai diri secara objektif) | B89: ='self awareness'!I19 -> 5 | C89: ='self awareness'!K19 -> 1 | D89: ='self awareness'!M19 -> 4 | E89: ='self awareness'!N19 -> Major Positive Gap
A90: ='self awareness'!B20 -> Awareness of Impact on Others (memahami dampak perilaku terhadap orang lain) | B90: ='self awareness'!I20 -> 1 | C90: ='self awareness'!K20 -> 2 | D90: ='self awareness'!M20 -> -1 | E90: ='self awareness'!N20 -> Minor Negative Gap
A91: ='self awareness'!B21 -> Managing Emotions Effectively (mengelola emosi secara matang) | B91: ='self awareness'!I21 -> 2 | C91: ='self awareness'!K21 -> 3 | D91: ='self awareness'!M21 -> -1 | E91: ='self awareness'!N21 -> Minor Negative Gap
A92: ='self awareness'!B22 -> Deep Pattern Recognition & Bias Awareness (refleksi diri mendalam & autentik) | B92: ='self awareness'!I22 -> 3 | C92: ='self awareness'!K22 -> 4 | D92: ='self awareness'!M22 -> -1 | E92: ='self awareness'!N22 -> Minor Negative Gap
A93: Overall Average | B93: ='self awareness'!I23 -> 3 | C93: ='self awareness'!K23 -> 3 | D93: ='self awareness'!M23 -> 0 | E93: ='self awareness'!N23 -> Aligned
A96: f. Summary
A97: Indicator | B97: Score Self | C97: Score Superior | D97: Gap Score Self-Sup | E97: Gap
A98: Mental Agility | B98: =B35 -> 3 | C98: =C35 -> 3 | D98: =D35 -> 0 | E98: =E35 -> Aligned
A99: People Agility | B99: =B49 -> 3 | C99: =C49 -> 3 | D99: =D49 -> 0 | E99: =E49 -> Aligned
A100: Change Agility | B100: =B63 -> 3 | C100: =C63 -> 3 | D100: =D63 -> 0 | E100: =E63 -> Aligned
A101: Result Agility | B101: =B78 -> 3 | C101: =C78 -> 3 | D101: =D78 -> 0 | E101: =E78 -> Aligned
A102: Self Awareness | B102: =B93 -> 3 | C102: =C93 -> 3 | D102: =D93 -> 0 | E102: =E93 -> Aligned
A103: Average | B103: =AVERAGE(B98:B102) -> 3 | C103: =AVERAGE(C98:C102) -> 3 | D103: =B103-C103 -> 0 | E103: {=_xlfn.IFS(VALUE(D103)>=1,"Major Positive Gap",VALUE(D103)>=0.5,"Minor Positive Gap",VALUE(D103)>=-0.49,"Aligned",VALUE(D103)>=-0.99,"Minor Negative Gap",VALUE(D103)<=-1,"Major Negative Gap")} -> Aligned
A106: g. RADAR CHART DATA (for visualization)
A108: Dimensi | B108: Score | C108: Performance Level
A109: Mental Agility | B109: =C98 -> 3 | C109: ='Profile Summary'!C14 -> Meet
A110: People Agility | B110: =C99 -> 3 | C110: ='Profile Summary'!C15 -> Meet
A111: Change Agility | B111: =C100 -> 3 | C111: ='Profile Summary'!C16 -> Meet
A112: Result Agility | B112: =C101 -> 3 | C112: ='Profile Summary'!C17 -> Meet
A113: Self Awareness | B113: =C102 -> 3 | C113: ='Profile Summary'!C18 -> Meet

Sheet Kompetensi
A2: =Identitas!B2 -> Nama | B2: =Identitas!D2 -> Ana Kholifah
A3: =Identitas!B3 -> Nama Atasan yang menilai | B3: =Identitas!D3 -> Julia Edwita | N3: =IF($J13="","",IFERROR(INDEX('sheet template'!$F$2:$M$1009,_xlfn.AGGREGATE(15,6,(ROW('sheet template'!$A$2:$A$1009)-ROW('sheet template'!$A$2)+1)/('sheet template'!$A$2:$A$1009=$J13),RANDBETWEEN(1,COUNTIF('sheet template'!$A$2:$A$1009,$J13))),COLUMN($A:$H)),""))
A4: =Identitas!B4 -> Level Saat Ini | B4: =Identitas!D4 -> Officer
A5: =Identitas!B5 -> Level Tujuan | B5: =Identitas!D5 -> Analyst
A6: =Identitas!B6 -> Tanggal Assesment | B6: =Identitas!D6 -> 46050.561
A7: =Identitas!B7 -> Unit | B7: =Identitas!D7 -> Human Capital Operation & Service
A8: =Identitas!B8 -> Departemen | B8: =Identitas!D8 -> Human Capital Shared Service
A9: =Identitas!B9 -> Divisi | B9: =Identitas!D9 -> 0
A10: =Identitas!B10 -> Direktorat | B10: =Identitas!D10 -> Resources & Innovation
A12: Kompetensi | B12: Proficiency Level Saat ini | C12: Proficiency Level Tujuan | D12: Hasil Potential | E12: Gap Kompetensi | F12: Absolut gap | G12: Metode Pengembangan dari matriks | H12: Metode dalam teks | I12: Prioritas | J12: Key Metode 1 | K12: Key Metode 2 | L12: Key Metode 3 | M12: Key Metode 4 | N12: Aktivitas Metode 1 | V12: Aktivitas Metode 2 | AD12: Aktivitas Metode 3 | AL12: Aktivitas Metode 4
A13: Achievement Drive | B13: =IFERROR(INDEX(panduan!$C$3:$H$16,MATCH(TRIM(A13),panduan!$B$3:$B$16,0),MATCH(TRIM($B$4),panduan!$C$2:$H$2,0)),"") -> 2 | C13: =IFERROR(INDEX(panduan!$C$3:$H$16,MATCH(TRIM(A13),panduan!$B$3:$B$16,0),MATCH(TRIM($B$5),panduan!$C$2:$H$2,0)),"") -> 3 | D13: 2 | E13: =D13-C13 -> -1 | F13: =IF(E13<0,MIN(-E13,4),"") -> 1 | G13: =IFERROR(INDEX(panduan!$C$167:$G$171,MATCH($F$37,panduan!$B$167:$B$171,0),MATCH($F13,panduan!$C$166:$G$166,0)),"") -> 1,2,3,4 | H13: =IF(G13="","",SUBSTITUTE(SUBSTITUTE(SUBSTITUTE(SUBSTITUTE(G13,"1","Personal Development"),"2","Education-Based Development"),"3","Relation-Based Development"),"4","Experience-Based Development")) -> Personal Development,Education-Based Development,Relation-Based Development,Experience-Based Development | I13: =IF(E13<0,_xlfn.RANK.EQ(E13,$E$13:$E$26,1)+COUNTIF($E$13:E13,E13)-1,"") -> 2 | J13: =IF(ISNUMBER(FIND("1",$G13)),$A13&"|"&$B$5&"|1","") -> Achievement Drive|Analyst|1 | K13: =IF(ISNUMBER(FIND("2",$G13)),$A13&"|"&$B$5&"|2","") -> Achievement Drive|Analyst|2 | L13: =IF(ISNUMBER(FIND("3",$G13)),$A13&"|"&$B$5&"|3","") -> Achievement Drive|Analyst|3 | M13: =IF(ISNUMBER(FIND("4",$G13)),$A13&"|"&$B$5&"|4","") -> Achievement Drive|Analyst|4 | N13: {=IF($J13="","",IFERROR(INDEX('sheet template'!$F$2:$M$1009,_xlfn.AGGREGATE(15,6,(ROW('sheet template'!$A$2:$A$1009)-ROW('sheet template'!$A$2)+1)/('sheet template'!$A$2:$A$1009=$J13),RANDBETWEEN(1,COUNTIF('sheet template'!$A$2:$A$1009,$J13))),0),""))} -> 1 | O13: Tugas289 | P13: Tujuan289 | Q13: Instruksi289 | R13: Output289 | S13: Waktu289 | T13: Monitoring289 | U13: Standar kelulusan289 | V13: {=IF($K13="","",IFERROR(INDEX('sheet template'!$F$2:$M$1009,_xlfn.AGGREGATE(15,6,(ROW('sheet template'!$A$2:$A$1009)-ROW('sheet template'!$A$2)+1)/('sheet template'!$A$2:$A$1009=$K13),RANDBETWEEN(1,3)),0),""))} -> 3 | W13: Tugas294 | X13: Tujuan294 | Y13: Instruksi294 | Z13: Output294 | AA13: Waktu294 | AB13: Monitoring294 | AC13: Standar kelulusan294 | AD13: {=IF($L13="","",IFERROR(INDEX('sheet template'!$F$2:$M$1009,_xlfn.AGGREGATE(15,6,(ROW('sheet template'!$A$2:$A$1009)-ROW('sheet template'!$A$2)+1)/('sheet template'!$A$2:$A$1009=$L13),RANDBETWEEN(1,3)),0),""))} -> 3 | AE13: Tugas297 | AF13: Tujuan297 | AG13: Instruksi297 | AH13: Output297 | AI13: Waktu297 | AJ13: Monitoring297 | AK13: Standar kelulusan297 | AL13: {=IF($M13="","",IFERROR(INDEX('sheet template'!$F$2:$M$1009,_xlfn.AGGREGATE(15,6,(ROW('sheet template'!$A$2:$A$1009)-ROW('sheet template'!$A$2)+1)/('sheet template'!$A$2:$A$1009=$M13),RANDBETWEEN(1,3)),0),""))} -> 1 | AM13: Tugas298 | AN13: Tujuan298 | AO13: Instruksi298 | AP13: Output298 | AQ13: Waktu298 | AR13: Monitoring298 | AS13: Standar kelulusan298
A14: Developing Oneself | B14: =IFERROR(INDEX(panduan!$C$3:$H$16,MATCH(TRIM(A14),panduan!$B$3:$B$16,0),MATCH(TRIM($B$4),panduan!$C$2:$H$2,0)),"") -> 1 | C14: =IFERROR(INDEX(panduan!$C$3:$H$16,MATCH(TRIM(A14),panduan!$B$3:$B$16,0),MATCH(TRIM($B$5),panduan!$C$2:$H$2,0)),"") -> 2 | D14: 2 | E14: =D14-C14 -> 0 | F14: =IF(E14<0,MIN(-E14,4),"") | G14: =IFERROR(INDEX(panduan!$C$167:$G$171,MATCH($F$37,panduan!$B$167:$B$171,0),MATCH($F14,panduan!$C$166:$G$166,0)),"") | H14: =IF(G14="","",SUBSTITUTE(SUBSTITUTE(SUBSTITUTE(SUBSTITUTE(G14,"1","Personal Development"),"2","Education-Based Development"),"3","Relation-Based Development"),"4","Experience-Based Development")) | I14: =IF(E14<0,_xlfn.RANK.EQ(E14,$E$13:$E$26,1)+COUNTIF($E$13:E14,E14)-1,"") | J14: =IF(ISNUMBER(FIND("1",$G14)),$A14&"|"&$B$5&"|1","") | K14: =IF(ISNUMBER(FIND("2",$G14)),$A14&"|"&$B$5&"|2","") | L14: =IF(ISNUMBER(FIND("3",$G14)),$A14&"|"&$B$5&"|3","") | M14: =IF(ISNUMBER(FIND("4",$G14)),$A14&"|"&$B$5&"|4","") | N14: =IF($J14="","",IFERROR(INDEX('sheet template'!$F$2:$M$1009,_xlfn.AGGREGATE(15,6,(ROW('sheet template'!$A$2:$A$1009)-ROW('sheet template'!$A$2)+1)/('sheet template'!$A$2:$A$1009=$J14),RANDBETWEEN(1,COUNTIF('sheet template'!$A$2:$A$1009,$J14))),0),"")) | V14: {=IF($K14="","",IFERROR(INDEX('sheet template'!$F$2:$M$1009,_xlfn.AGGREGATE(15,6,(ROW('sheet template'!$A$2:$A$1009)-ROW('sheet template'!$A$2)+1)/('sheet template'!$A$2:$A$1009=$K14),RANDBETWEEN(1,3)),0),""))} | AD14: =IF($L14="","",IFERROR(INDEX('sheet template'!$F$2:$M$1009,_xlfn.AGGREGATE(15,6,(ROW('sheet template'!$A$2:$A$1009)-ROW('sheet template'!$A$2)+1)/('sheet template'!$A$2:$A$1009=$L14),RANDBETWEEN(1,3)),0),"")) | AL14: =IF($M14="","",IFERROR(INDEX('sheet template'!$F$2:$M$1009,_xlfn.AGGREGATE(15,6,(ROW('sheet template'!$A$2:$A$1009)-ROW('sheet template'!$A$2)+1)/('sheet template'!$A$2:$A$1009=$M14),RANDBETWEEN(1,3)),0),""))
A15: Planning & Organizing | B15: =IFERROR(INDEX(panduan!$C$3:$H$16,MATCH(TRIM(A15),panduan!$B$3:$B$16,0),MATCH(TRIM($B$4),panduan!$C$2:$H$2,0)),"") -> 1 | C15: =IFERROR(INDEX(panduan!$C$3:$H$16,MATCH(TRIM(A15),panduan!$B$3:$B$16,0),MATCH(TRIM($B$5),panduan!$C$2:$H$2,0)),"") -> 2 | D15: 2 | E15: =D15-C15 -> 0 | F15: =IF(E15<0,MIN(-E15,4),"") | G15: =IFERROR(INDEX(panduan!$C$167:$G$171,MATCH($F$37,panduan!$B$167:$B$171,0),MATCH($F15,panduan!$C$166:$G$166,0)),"") | H15: =IF(G15="","",SUBSTITUTE(SUBSTITUTE(SUBSTITUTE(SUBSTITUTE(G15,"1","Personal Development"),"2","Education-Based Development"),"3","Relation-Based Development"),"4","Experience-Based Development")) | I15: =IF(E15<0,_xlfn.RANK.EQ(E15,$E$13:$E$26,1)+COUNTIF($E$13:E15,E15)-1,"") | J15: =IF(ISNUMBER(FIND("1",$G15)),$A15&"|"&$B$5&"|1","") | K15: =IF(ISNUMBER(FIND("2",$G15)),$A15&"|"&$B$5&"|2","") | L15: =IF(ISNUMBER(FIND("3",$G15)),$A15&"|"&$B$5&"|3","") | M15: =IF(ISNUMBER(FIND("4",$G15)),$A15&"|"&$B$5&"|4","") | N15: =IF($J15="","",IFERROR(INDEX('sheet template'!$F$2:$M$1009,_xlfn.AGGREGATE(15,6,(ROW('sheet template'!$A$2:$A$1009)-ROW('sheet template'!$A$2)+1)/('sheet template'!$A$2:$A$1009=$J15),RANDBETWEEN(1,COUNTIF('sheet template'!$A$2:$A$1009,$J15))),0),"")) | V15: =IF($K15="","",IFERROR(INDEX('sheet template'!$F$2:$M$1009,_xlfn.AGGREGATE(15,6,(ROW('sheet template'!$A$2:$A$1009)-ROW('sheet template'!$A$2)+1)/('sheet template'!$A$2:$A$1009=$K15),RANDBETWEEN(1,3)),0),"")) | AD15: =IF($L15="","",IFERROR(INDEX('sheet template'!$F$2:$M$1009,_xlfn.AGGREGATE(15,6,(ROW('sheet template'!$A$2:$A$1009)-ROW('sheet template'!$A$2)+1)/('sheet template'!$A$2:$A$1009=$L15),RANDBETWEEN(1,3)),0),"")) | AL15: =IF($M15="","",IFERROR(INDEX('sheet template'!$F$2:$M$1009,_xlfn.AGGREGATE(15,6,(ROW('sheet template'!$A$2:$A$1009)-ROW('sheet template'!$A$2)+1)/('sheet template'!$A$2:$A$1009=$M15),RANDBETWEEN(1,3)),0),""))
A16: Problem Solving & Decision Making | B16: =IFERROR(INDEX(panduan!$C$3:$H$16,MATCH(TRIM(A16),panduan!$B$3:$B$16,0),MATCH(TRIM($B$4),panduan!$C$2:$H$2,0)),"") -> 1 | C16: =IFERROR(INDEX(panduan!$C$3:$H$16,MATCH(TRIM(A16),panduan!$B$3:$B$16,0),MATCH(TRIM($B$5),panduan!$C$2:$H$2,0)),"") -> 2 | D16: 2 | E16: =D16-C16 -> 0 | F16: =IF(E16<0,MIN(-E16,4),"") | G16: =IFERROR(INDEX(panduan!$C$167:$G$171,MATCH($F$37,panduan!$B$167:$B$171,0),MATCH($F16,panduan!$C$166:$G$166,0)),"") | H16: =IF(G16="","",SUBSTITUTE(SUBSTITUTE(SUBSTITUTE(SUBSTITUTE(G16,"1","Personal Development"),"2","Education-Based Development"),"3","Relation-Based Development"),"4","Experience-Based Development")) | I16: =IF(E16<0,_xlfn.RANK.EQ(E16,$E$13:$E$26,1)+COUNTIF($E$13:E16,E16)-1,"") | J16: =IF(ISNUMBER(FIND("1",$G16)),$A16&"|"&$B$5&"|1","") | K16: =IF(ISNUMBER(FIND("2",$G16)),$A16&"|"&$B$5&"|2","") | L16: =IF(ISNUMBER(FIND("3",$G16)),$A16&"|"&$B$5&"|3","") | M16: =IF(ISNUMBER(FIND("4",$G16)),$A16&"|"&$B$5&"|4","") | N16: =IF($J16="","",IFERROR(INDEX('sheet template'!$F$2:$M$1009,_xlfn.AGGREGATE(15,6,(ROW('sheet template'!$A$2:$A$1009)-ROW('sheet template'!$A$2)+1)/('sheet template'!$A$2:$A$1009=$J16),RANDBETWEEN(1,COUNTIF('sheet template'!$A$2:$A$1009,$J16))),0),"")) | V16: =IF($K16="","",IFERROR(INDEX('sheet template'!$F$2:$M$1009,_xlfn.AGGREGATE(15,6,(ROW('sheet template'!$A$2:$A$1009)-ROW('sheet template'!$A$2)+1)/('sheet template'!$A$2:$A$1009=$K16),RANDBETWEEN(1,3)),0),"")) | AD16: =IF($L16="","",IFERROR(INDEX('sheet template'!$F$2:$M$1009,_xlfn.AGGREGATE(15,6,(ROW('sheet template'!$A$2:$A$1009)-ROW('sheet template'!$A$2)+1)/('sheet template'!$A$2:$A$1009=$L16),RANDBETWEEN(1,3)),0),"")) | AL16: =IF($M16="","",IFERROR(INDEX('sheet template'!$F$2:$M$1009,_xlfn.AGGREGATE(15,6,(ROW('sheet template'!$A$2:$A$1009)-ROW('sheet template'!$A$2)+1)/('sheet template'!$A$2:$A$1009=$M16),RANDBETWEEN(1,3)),0),""))
A17: Controlling & Corrective Action | B17: =IFERROR(INDEX(panduan!$C$3:$H$16,MATCH(TRIM(A17),panduan!$B$3:$B$16,0),MATCH(TRIM($B$4),panduan!$C$2:$H$2,0)),"") -> 2 | C17: =IFERROR(INDEX(panduan!$C$3:$H$16,MATCH(TRIM(A17),panduan!$B$3:$B$16,0),MATCH(TRIM($B$5),panduan!$C$2:$H$2,0)),"") -> 3 | D17: 3 | E17: =D17-C17 -> 0 | F17: =IF(E17<0,MIN(-E17,4),"") | G17: =IFERROR(INDEX(panduan!$C$167:$G$171,MATCH($F$37,panduan!$B$167:$B$171,0),MATCH($F17,panduan!$C$166:$G$166,0)),"") | H17: =IF(G17="","",SUBSTITUTE(SUBSTITUTE(SUBSTITUTE(SUBSTITUTE(G17,"1","Personal Development"),"2","Education-Based Development"),"3","Relation-Based Development"),"4","Experience-Based Development")) | I17: =IF(E17<0,_xlfn.RANK.EQ(E17,$E$13:$E$26,1)+COUNTIF($E$13:E17,E17)-1,"") | J17: =IF(ISNUMBER(FIND("1",$G17)),$A17&"|"&$B$5&"|1","") | K17: =IF(ISNUMBER(FIND("2",$G17)),$A17&"|"&$B$5&"|2","") | L17: =IF(ISNUMBER(FIND("3",$G17)),$A17&"|"&$B$5&"|3","") | M17: =IF(ISNUMBER(FIND("4",$G17)),$A17&"|"&$B$5&"|4","") | N17: =IF($J17="","",IFERROR(INDEX('sheet template'!$F$2:$M$1009,_xlfn.AGGREGATE(15,6,(ROW('sheet template'!$A$2:$A$1009)-ROW('sheet template'!$A$2)+1)/('sheet template'!$A$2:$A$1009=$J17),RANDBETWEEN(1,COUNTIF('sheet template'!$A$2:$A$1009,$J13))),0),"")) | V17: =IF($K17="","",IFERROR(INDEX('sheet template'!$F$2:$M$1009,_xlfn.AGGREGATE(15,6,(ROW('sheet template'!$A$2:$A$1009)-ROW('sheet template'!$A$2)+1)/('sheet template'!$A$2:$A$1009=$K17),RANDBETWEEN(1,3)),0),"")) | AD17: =IF($L17="","",IFERROR(INDEX('sheet template'!$F$2:$M$1009,_xlfn.AGGREGATE(15,6,(ROW('sheet template'!$A$2:$A$1009)-ROW('sheet template'!$A$2)+1)/('sheet template'!$A$2:$A$1009=$L17),RANDBETWEEN(1,3)),0),"")) | AL17: =IF($M17="","",IFERROR(INDEX('sheet template'!$F$2:$M$1009,_xlfn.AGGREGATE(15,6,(ROW('sheet template'!$A$2:$A$1009)-ROW('sheet template'!$A$2)+1)/('sheet template'!$A$2:$A$1009=$M17),RANDBETWEEN(1,3)),0),""))
A18: Analytical Thinking | B18: =IFERROR(INDEX(panduan!$C$3:$H$16,MATCH(TRIM(A18),panduan!$B$3:$B$16,0),MATCH(TRIM($B$4),panduan!$C$2:$H$2,0)),"") -> 1 | C18: =IFERROR(INDEX(panduan!$C$3:$H$16,MATCH(TRIM(A18),panduan!$B$3:$B$16,0),MATCH(TRIM($B$5),panduan!$C$2:$H$2,0)),"") -> 2 | D18: 1 | E18: =D18-C18 -> -1 | F18: =IF(E18<0,MIN(-E18,4),"") -> 1 | G18: =IFERROR(INDEX(panduan!$C$167:$G$171,MATCH($F$37,panduan!$B$167:$B$171,0),MATCH($F18,panduan!$C$166:$G$166,0)),"") -> 1,2,3,4 | H18: =IF(G18="","",SUBSTITUTE(SUBSTITUTE(SUBSTITUTE(SUBSTITUTE(G18,"1","Personal Development"),"2","Education-Based Development"),"3","Relation-Based Development"),"4","Experience-Based Development")) -> Personal Development,Education-Based Development,Relation-Based Development,Experience-Based Development | I18: =IF(E18<0,_xlfn.RANK.EQ(E18,$E$13:$E$26,1)+COUNTIF($E$13:E18,E18)-1,"") -> 3 | J18: =IF(ISNUMBER(FIND("1",$G18)),$A18&"|"&$B$5&"|1","") -> Analytical Thinking|Analyst|1 | K18: =IF(ISNUMBER(FIND("2",$G18)),$A18&"|"&$B$5&"|2","") -> Analytical Thinking|Analyst|2 | L18: =IF(ISNUMBER(FIND("3",$G18)),$A18&"|"&$B$5&"|3","") -> Analytical Thinking|Analyst|3 | M18: =IF(ISNUMBER(FIND("4",$G18)),$A18&"|"&$B$5&"|4","") -> Analytical Thinking|Analyst|4 | N18: {=IF($J18="","",IFERROR(INDEX('sheet template'!$F$2:$M$1009,_xlfn.AGGREGATE(15,6,(ROW('sheet template'!$A$2:$A$1009)-ROW('sheet template'!$A$2)+1)/('sheet template'!$A$2:$A$1009=$J18),RANDBETWEEN(1,COUNTIF('sheet template'!$A$2:$A$1009,$J18))),0),""))} -> 1 | O18: Tugas361 | P18: Tujuan361 | Q18: Instruksi361 | R18: Output361 | S18: Waktu361 | T18: Monitoring361 | U18: Standar kelulusan361 | V18: {=IF($K18="","",IFERROR(INDEX('sheet template'!$F$2:$M$1009,_xlfn.AGGREGATE(15,6,(ROW('sheet template'!$A$2:$A$1009)-ROW('sheet template'!$A$2)+1)/('sheet template'!$A$2:$A$1009=$K18),RANDBETWEEN(1,3)),0),""))} -> 2 | W18: Tugas365 | X18: Tujuan365 | Y18: Instruksi365 | Z18: Output365 | AA18: Waktu365 | AB18: Monitoring365 | AC18: Standar kelulusan365 | AD18: {=IF($L18="","",IFERROR(INDEX('sheet template'!$F$2:$M$1009,_xlfn.AGGREGATE(15,6,(ROW('sheet template'!$A$2:$A$1009)-ROW('sheet template'!$A$2)+1)/('sheet template'!$A$2:$A$1009=$L18),RANDBETWEEN(1,3)),0),""))} -> 1 | AE18: Tugas367 | AF18: Tujuan367 | AG18: Instruksi367 | AH18: Output367 | AI18: Waktu367 | AJ18: Monitoring367 | AK18: Standar kelulusan367 | AL18: {=IF($M18="","",IFERROR(INDEX('sheet template'!$F$2:$M$1009,_xlfn.AGGREGATE(15,6,(ROW('sheet template'!$A$2:$A$1009)-ROW('sheet template'!$A$2)+1)/('sheet template'!$A$2:$A$1009=$M18),RANDBETWEEN(1,3)),0),""))} -> 2 | AM18: Tugas371 | AN18: Tujuan371 | AO18: Instruksi371 | AP18: Output371 | AQ18: Waktu371 | AR18: Monitoring371 | AS18: Standar kelulusan371
A19: Managing Change | B19: =IFERROR(INDEX(panduan!$C$3:$H$16,MATCH(TRIM(A19),panduan!$B$3:$B$16,0),MATCH(TRIM($B$4),panduan!$C$2:$H$2,0)),"") -> 1 | C19: =IFERROR(INDEX(panduan!$C$3:$H$16,MATCH(TRIM(A19),panduan!$B$3:$B$16,0),MATCH(TRIM($B$5),panduan!$C$2:$H$2,0)),"") -> 2 | D19: 1 | E19: =D19-C19 -> -1 | F19: =IF(E19<0,MIN(-E19,4),"") -> 1 | G19: =IFERROR(INDEX(panduan!$C$167:$G$171,MATCH($F$37,panduan!$B$167:$B$171,0),MATCH($F19,panduan!$C$166:$G$166,0)),"") -> 1,2,3,4 | H19: =IF(G19="","",SUBSTITUTE(SUBSTITUTE(SUBSTITUTE(SUBSTITUTE(G19,"1","Personal Development"),"2","Education-Based Development"),"3","Relation-Based Development"),"4","Experience-Based Development")) -> Personal Development,Education-Based Development,Relation-Based Development,Experience-Based Development | I19: =IF(E19<0,_xlfn.RANK.EQ(E19,$E$13:$E$26,1)+COUNTIF($E$13:E19,E19)-1,"") -> 4 | J19: =IF(ISNUMBER(FIND("1",$G19)),$A19&"|"&$B$5&"|1","") -> Managing Change|Analyst|1 | K19: =IF(ISNUMBER(FIND("2",$G19)),$A19&"|"&$B$5&"|2","") -> Managing Change|Analyst|2 | L19: =IF(ISNUMBER(FIND("3",$G19)),$A19&"|"&$B$5&"|3","") -> Managing Change|Analyst|3 | M19: =IF(ISNUMBER(FIND("4",$G19)),$A19&"|"&$B$5&"|4","") -> Managing Change|Analyst|4 | N19: {=IF($J19="","",IFERROR(INDEX('sheet template'!$F$2:$M$1009,_xlfn.AGGREGATE(15,6,(ROW('sheet template'!$A$2:$A$1009)-ROW('sheet template'!$A$2)+1)/('sheet template'!$A$2:$A$1009=$J19),RANDBETWEEN(1,COUNTIF('sheet template'!$A$2:$A$1009,$J19))),0),""))} -> 2 | O19: Tugas434 | P19: Tujuan434 | Q19: Instruksi434 | R19: Output434 | S19: Waktu434 | T19: Monitoring434 | U19: Standar kelulusan434 | V19: {=IF($K19="","",IFERROR(INDEX('sheet template'!$F$2:$M$1009,_xlfn.AGGREGATE(15,6,(ROW('sheet template'!$A$2:$A$1009)-ROW('sheet template'!$A$2)+1)/('sheet template'!$A$2:$A$1009=$K19),RANDBETWEEN(1,3)),0),""))} -> 2 | W19: Tugas437 | X19: Tujuan437 | Y19: Instruksi437 | Z19: Output437 | AA19: Waktu437 | AB19: Monitoring437 | AC19: Standar kelulusan437 | AD19: {=IF($L19="","",IFERROR(INDEX('sheet template'!$F$2:$M$1009,_xlfn.AGGREGATE(15,6,(ROW('sheet template'!$A$2:$A$1009)-ROW('sheet template'!$A$2)+1)/('sheet template'!$A$2:$A$1009=$L19),RANDBETWEEN(1,3)),0),""))} -> 2 | AE19: Tugas440 | AF19: Tujuan440 | AG19: Instruksi440 | AH19: Output440 | AI19: Waktu440 | AJ19: Monitoring440 | AK19: Standar kelulusan440 | AL19: {=IF($M19="","",IFERROR(INDEX('sheet template'!$F$2:$M$1009,_xlfn.AGGREGATE(15,6,(ROW('sheet template'!$A$2:$A$1009)-ROW('sheet template'!$A$2)+1)/('sheet template'!$A$2:$A$1009=$M19),RANDBETWEEN(1,3)),0),""))} -> 2 | AM19: Tugas443 | AN19: Tujuan443 | AO19: Instruksi443 | AP19: Output443 | AQ19: Waktu443 | AR19: Monitoring443 | AS19: Standar kelulusan443
A20: Strategic Thinking | B20: =IFERROR(INDEX(panduan!$C$3:$H$16,MATCH(TRIM(A20),panduan!$B$3:$B$16,0),MATCH(TRIM($B$4),panduan!$C$2:$H$2,0)),"") -> 1 | C20: =IFERROR(INDEX(panduan!$C$3:$H$16,MATCH(TRIM(A20),panduan!$B$3:$B$16,0),MATCH(TRIM($B$5),panduan!$C$2:$H$2,0)),"") -> 2 | D20: 1 | E20: =D20-C20 -> -1 | F20: =IF(E20<0,MIN(-E20,4),"") -> 1 | G20: =IFERROR(INDEX(panduan!$C$167:$G$171,MATCH($F$37,panduan!$B$167:$B$171,0),MATCH($F20,panduan!$C$166:$G$166,0)),"") -> 1,2,3,4 | H20: =IF(G20="","",SUBSTITUTE(SUBSTITUTE(SUBSTITUTE(SUBSTITUTE(G20,"1","Personal Development"),"2","Education-Based Development"),"3","Relation-Based Development"),"4","Experience-Based Development")) -> Personal Development,Education-Based Development,Relation-Based Development,Experience-Based Development | I20: =IF(E20<0,_xlfn.RANK.EQ(E20,$E$13:$E$26,1)+COUNTIF($E$13:E20,E20)-1,"") -> 5 | J20: =IF(ISNUMBER(FIND("1",$G20)),$A20&"|"&$B$5&"|1","") -> Strategic Thinking|Analyst|1 | K20: =IF(ISNUMBER(FIND("2",$G20)),$A20&"|"&$B$5&"|2","") -> Strategic Thinking|Analyst|2 | L20: =IF(ISNUMBER(FIND("3",$G20)),$A20&"|"&$B$5&"|3","") -> Strategic Thinking|Analyst|3 | M20: =IF(ISNUMBER(FIND("4",$G20)),$A20&"|"&$B$5&"|4","") -> Strategic Thinking|Analyst|4 | N20: {=IF($J20="","",IFERROR(INDEX('sheet template'!$F$2:$M$1009,_xlfn.AGGREGATE(15,6,(ROW('sheet template'!$A$2:$A$1009)-ROW('sheet template'!$A$2)+1)/('sheet template'!$A$2:$A$1009=$J20),RANDBETWEEN(1,COUNTIF('sheet template'!$A$2:$A$1009,$J20))),0),""))} -> 3 | O20: Tugas507 | P20: Tujuan507 | Q20: Instruksi507 | R20: Output507 | S20: Waktu507 | T20: Monitoring507 | U20: Standar kelulusan507 | V20: {=IF($K20="","",IFERROR(INDEX('sheet template'!$F$2:$M$1009,_xlfn.AGGREGATE(15,6,(ROW('sheet template'!$A$2:$A$1009)-ROW('sheet template'!$A$2)+1)/('sheet template'!$A$2:$A$1009=$K20),RANDBETWEEN(1,3)),0),""))} -> 2 | W20: Tugas509 | X20: Tujuan509 | Y20: Instruksi509 | Z20: Output509 | AA20: Waktu509 | AB20: Monitoring509 | AC20: Standar kelulusan509 | AD20: {=IF($L20="","",IFERROR(INDEX('sheet template'!$F$2:$M$1009,_xlfn.AGGREGATE(15,6,(ROW('sheet template'!$A$2:$A$1009)-ROW('sheet template'!$A$2)+1)/('sheet template'!$A$2:$A$1009=$L20),RANDBETWEEN(1,3)),0),""))} -> 3 | AE20: Tugas513 | AF20: Tujuan513 | AG20: Instruksi513 | AH20: Output513 | AI20: Waktu513 | AJ20: Monitoring513 | AK20: Standar kelulusan513 | AL20: {=IF($M20="","",IFERROR(INDEX('sheet template'!$F$2:$M$1009,_xlfn.AGGREGATE(15,6,(ROW('sheet template'!$A$2:$A$1009)-ROW('sheet template'!$A$2)+1)/('sheet template'!$A$2:$A$1009=$M20),RANDBETWEEN(1,3)),0),""))} -> 2 | AM20: Tugas515 | AN20: Tujuan515 | AO20: Instruksi515 | AP20: Output515 | AQ20: Waktu515 | AR20: Monitoring515 | AS20: Standar kelulusan515
A21: Conceptual Thinking | B21: =IFERROR(INDEX(panduan!$C$3:$H$16,MATCH(TRIM(A21),panduan!$B$3:$B$16,0),MATCH(TRIM($B$4),panduan!$C$2:$H$2,0)),"") -> 1 | C21: =IFERROR(INDEX(panduan!$C$3:$H$16,MATCH(TRIM(A21),panduan!$B$3:$B$16,0),MATCH(TRIM($B$5),panduan!$C$2:$H$2,0)),"") -> 2 | D21: 2 | E21: =D21-C21 -> 0 | F21: =IF(E21<0,MIN(-E21,4),"") | G21: =IFERROR(INDEX(panduan!$C$167:$G$171,MATCH($F$37,panduan!$B$167:$B$171,0),MATCH($F21,panduan!$C$166:$G$166,0)),"") | H21: =IF(G21="","",SUBSTITUTE(SUBSTITUTE(SUBSTITUTE(SUBSTITUTE(G21,"1","Personal Development"),"2","Education-Based Development"),"3","Relation-Based Development"),"4","Experience-Based Development")) | I21: =IF(E21<0,_xlfn.RANK.EQ(E21,$E$13:$E$26,1)+COUNTIF($E$13:E21,E21)-1,"") | J21: =IF(ISNUMBER(FIND("1",$G21)),$A21&"|"&$B$5&"|1","") | K21: =IF(ISNUMBER(FIND("2",$G21)),$A21&"|"&$B$5&"|2","") | L21: =IF(ISNUMBER(FIND("3",$G21)),$A21&"|"&$B$5&"|3","") | M21: =IF(ISNUMBER(FIND("4",$G21)),$A21&"|"&$B$5&"|4","") | N21: {=IF($J21="","",IFERROR(INDEX('sheet template'!$F$2:$M$1009,_xlfn.AGGREGATE(15,6,(ROW('sheet template'!$A$2:$A$1009)-ROW('sheet template'!$A$2)+1)/('sheet template'!$A$2:$A$1009=$J21),RANDBETWEEN(1,COUNTIF('sheet template'!$A$2:$A$1009,$J21))),0),""))} | V21: {=IF($K21="","",IFERROR(INDEX('sheet template'!$F$2:$M$1009,_xlfn.AGGREGATE(15,6,(ROW('sheet template'!$A$2:$A$1009)-ROW('sheet template'!$A$2)+1)/('sheet template'!$A$2:$A$1009=$K21),RANDBETWEEN(1,3)),0),""))} | AD21: {=IF($L21="","",IFERROR(INDEX('sheet template'!$F$2:$M$1009,_xlfn.AGGREGATE(15,6,(ROW('sheet template'!$A$2:$A$1009)-ROW('sheet template'!$A$2)+1)/('sheet template'!$A$2:$A$1009=$L21),RANDBETWEEN(1,3)),0),""))} | AL21: {=IF($M21="","",IFERROR(INDEX('sheet template'!$F$2:$M$1009,_xlfn.AGGREGATE(15,6,(ROW('sheet template'!$A$2:$A$1009)-ROW('sheet template'!$A$2)+1)/('sheet template'!$A$2:$A$1009=$M21),RANDBETWEEN(1,3)),0),""))}
A22: Leadership | B22: =IFERROR(INDEX(panduan!$C$3:$H$16,MATCH(TRIM(A22),panduan!$B$3:$B$16,0),MATCH(TRIM($B$4),panduan!$C$2:$H$2,0)),"") -> 2 | C22: =IFERROR(INDEX(panduan!$C$3:$H$16,MATCH(TRIM(A22),panduan!$B$3:$B$16,0),MATCH(TRIM($B$5),panduan!$C$2:$H$2,0)),"") -> 3 | D22: 1 | E22: =D22-C22 -> -2 | F22: =IF(E22<0,MIN(-E22,4),"") -> 2 | G22: =IFERROR(INDEX(panduan!$C$167:$G$171,MATCH($F$37,panduan!$B$167:$B$171,0),MATCH($F22,panduan!$C$166:$G$166,0)),"") -> 1,2,3,4 | H22: =IF(G22="","",SUBSTITUTE(SUBSTITUTE(SUBSTITUTE(SUBSTITUTE(G22,"1","Personal Development"),"2","Education-Based Development"),"3","Relation-Based Development"),"4","Experience-Based Development")) -> Personal Development,Education-Based Development,Relation-Based Development,Experience-Based Development | I22: =IF(E22<0,_xlfn.RANK.EQ(E22,$E$13:$E$26,1)+COUNTIF($E$13:E22,E22)-1,"") -> 1 | J22: =IF(ISNUMBER(FIND("1",$G22)),$A22&"|"&$B$5&"|1","") -> Leadership|Analyst|1 | K22: =IF(ISNUMBER(FIND("2",$G22)),$A22&"|"&$B$5&"|2","") -> Leadership|Analyst|2 | L22: =IF(ISNUMBER(FIND("3",$G22)),$A22&"|"&$B$5&"|3","") -> Leadership|Analyst|3 | M22: =IF(ISNUMBER(FIND("4",$G22)),$A22&"|"&$B$5&"|4","") -> Leadership|Analyst|4 | N22: {=IF($J22="","",IFERROR(INDEX('sheet template'!$F$2:$M$1009,_xlfn.AGGREGATE(15,6,(ROW('sheet template'!$A$2:$A$1009)-ROW('sheet template'!$A$2)+1)/('sheet template'!$A$2:$A$1009=$J22),RANDBETWEEN(1,COUNTIF('sheet template'!$A$2:$A$1009,$J22))),0),""))} -> 3 | O22: Rekaman & Analisis Percakapan (Fokus Pertanyaan) | P22: Mengidentifikasi pola pertanyaan yang terlalu tertutup atau menghakimi. | Q22: Rekam (izin) 1 percakapan kerja per bulan. Analisis: berapa pertanyaan terbuka vs tertutup, berapa pertanyaan yang menunjukkan rasa ingin tahu tulus vs sekadar konfirmasi. | R22: 12 analisis; grafik peningkatan pertanyaan terbuka & eksploratif | S22: Bulan 1–12 | T22: Per bulan | U22: Peningkatan pertanyaan terbuka & eksploratif ≥50% Bandingkan dengan hasil sebelumnya | V22: {=IF($K22="","",IFERROR(INDEX('sheet template'!$F$2:$M$1009,_xlfn.AGGREGATE(15,6,(ROW('sheet template'!$A$2:$A$1009)-ROW('sheet template'!$A$2)+1)/('sheet template'!$A$2:$A$1009=$K22),RANDBETWEEN(1,3)),0),""))} -> 3 | W22: Micro-learning "Cultural Intelligence & Empathic Curiosity" | X22: Belajar tentang keragaman budaya dan bagaimana rasa ingin tahu yang tulus dapat menjembatani perbedaan. | Y22: Selesaikan modul online (2-3 jam) tentang cultural intelligence, menghindari asumsi, dan pendekatan curiositas dalam konteks lintas budaya. | Z22: Sertifikat; rencana aksi untuk menerapkan 3 prinsip dalam interaksi lintas tim. | AA22: Bulan 1–12 | AB22: Per bulan | AC22: Minimal 3 prinsip diterapkan dalam interaksi lintas fungsi/budaya dan didukung oleh log penerapan atau feedback stakeholder. | AD22: {=IF($L22="","",IFERROR(INDEX('sheet template'!$F$2:$M$1009,_xlfn.AGGREGATE(15,6,(ROW('sheet template'!$A$2:$A$1009)-ROW('sheet template'!$A$2)+1)/('sheet template'!$A$2:$A$1009=$L22),RANDBETWEEN(1,3)),0),""))} -> 2 | AE22: "Shadowing Curiosity" – Mengamati Atasan dalam 2 Interaksi | AF22: Belajar bagaimana pemimpin senior menunjukkan rasa ingin tahu yang tulus dalam praktik. | AG22: Minta izin atasan untuk mengamati 2 interaksi (rapat, one-on-one, atau negosiasi). Catat pertanyaan yang diajukan, bahasa tubuh, dan bagaimana ia menggali lebih dalam. | AH22: 2 laporan observasi; daftar 5 pertanyaan efektif yang akan diadopsi. | AI22: Bulan 1–12 | AJ22: Per bulan | AK22: Minimal 3 pertanyaan hasil shadowing digunakan dalam percakapan nyata dan menghasilkan insight baru yang terdokumentasi. | AL22: {=IF($M22="","",IFERROR(INDEX('sheet template'!$F$2:$M$1009,_xlfn.AGGREGATE(15,6,(ROW('sheet template'!$A$2:$A$1009)-ROW('sheet template'!$A$2)+1)/('sheet template'!$A$2:$A$1009=$M22),RANDBETWEEN(1,3)),0),""))} -> 3 | AM22: Proyek "Memahami 1 Pengguna/Stakeholder Secara Mendalam" | AN22: Menerapkan rasa ingin tahu untuk memahami kebutuhan tersembunyi stakeholder. | AO22: Pilih 1 stakeholder internal yang sering berinteraksi. Lakukan 3 sesi wawancara mendalam (total 2-3 jam) untuk benar-benar memahami motivasi, tantangan, dan harapan mereka. | AP22: Laporan profil stakeholder; rekomendasi perbaikan hubungan kerja; umpan balik dari stakeholder. | AQ22: Bulan 1–12 | AR22: Per bulan | AS22: Stakeholder memberi skor ≥4 untuk "saya merasa benar-benar dipahami"; minimal 1 rekomendasi perbaikan hubungan kerja disetujui untuk dicoba oleh atasan/stakeholder.
A23: Developing Others | B23: =IFERROR(INDEX(panduan!$C$3:$H$16,MATCH(TRIM(A23),panduan!$B$3:$B$16,0),MATCH(TRIM($B$4),panduan!$C$2:$H$2,0)),"") -> 1 | C23: =IFERROR(INDEX(panduan!$C$3:$H$16,MATCH(TRIM(A23),panduan!$B$3:$B$16,0),MATCH(TRIM($B$5),panduan!$C$2:$H$2,0)),"") -> 2 | D23: 3 | E23: =D23-C23 -> 1 | F23: =IF(E23<0,MIN(-E23,4),"") | G23: =IFERROR(INDEX(panduan!$C$167:$G$171,MATCH($F$37,panduan!$B$167:$B$171,0),MATCH($F23,panduan!$C$166:$G$166,0)),"") | H23: =IF(G23="","",SUBSTITUTE(SUBSTITUTE(SUBSTITUTE(SUBSTITUTE(G23,"1","Personal Development"),"2","Education-Based Development"),"3","Relation-Based Development"),"4","Experience-Based Development")) | I23: =IF(E23<0,_xlfn.RANK.EQ(E23,$E$13:$E$26,1)+COUNTIF($E$13:E23,E23)-1,"") | J23: =IF(ISNUMBER(FIND("1",$G23)),$A23&"|"&$B$5&"|1","") | K23: =IF(ISNUMBER(FIND("2",$G23)),$A23&"|"&$B$5&"|2","") | L23: =IF(ISNUMBER(FIND("3",$G23)),$A23&"|"&$B$5&"|3","") | M23: =IF(ISNUMBER(FIND("4",$G23)),$A23&"|"&$B$5&"|4","") | N23: {=IF($J23="","",IFERROR(INDEX('sheet template'!$F$2:$M$1009,_xlfn.AGGREGATE(15,6,(ROW('sheet template'!$A$2:$A$1009)-ROW('sheet template'!$A$2)+1)/('sheet template'!$A$2:$A$1009=$J23),RANDBETWEEN(1,COUNTIF('sheet template'!$A$2:$A$1009,$J23))),0),""))} | V23: {=IF($K23="","",IFERROR(INDEX('sheet template'!$F$2:$M$1009,_xlfn.AGGREGATE(15,6,(ROW('sheet template'!$A$2:$A$1009)-ROW('sheet template'!$A$2)+1)/('sheet template'!$A$2:$A$1009=$K23),RANDBETWEEN(1,3)),0),""))} | AD23: =IF($L23="","",IFERROR(INDEX('sheet template'!$F$2:$M$1009,_xlfn.AGGREGATE(15,6,(ROW('sheet template'!$A$2:$A$1009)-ROW('sheet template'!$A$2)+1)/('sheet template'!$A$2:$A$1009=$L23),RANDBETWEEN(1,3)),0),"")) | AL23: =IF($M23="","",IFERROR(INDEX('sheet template'!$F$2:$M$1009,_xlfn.AGGREGATE(15,6,(ROW('sheet template'!$A$2:$A$1009)-ROW('sheet template'!$A$2)+1)/('sheet template'!$A$2:$A$1009=$M23),RANDBETWEEN(1,3)),0),""))
A24: Team Work | B24: =IFERROR(INDEX(panduan!$C$3:$H$16,MATCH(TRIM(A24),panduan!$B$3:$B$16,0),MATCH(TRIM($B$4),panduan!$C$2:$H$2,0)),"") -> 2 | C24: =IFERROR(INDEX(panduan!$C$3:$H$16,MATCH(TRIM(A24),panduan!$B$3:$B$16,0),MATCH(TRIM($B$5),panduan!$C$2:$H$2,0)),"") -> 3 | D24: 4 | E24: =D24-C24 -> 1 | F24: =IF(E24<0,MIN(-E24,4),"") | G24: =IFERROR(INDEX(panduan!$C$167:$G$171,MATCH($F$37,panduan!$B$167:$B$171,0),MATCH($F24,panduan!$C$166:$G$166,0)),"") | H24: =IF(G24="","",SUBSTITUTE(SUBSTITUTE(SUBSTITUTE(SUBSTITUTE(G24,"1","Personal Development"),"2","Education-Based Development"),"3","Relation-Based Development"),"4","Experience-Based Development")) | I24: =IF(E24<0,_xlfn.RANK.EQ(E24,$E$13:$E$26,1)+COUNTIF($E$13:E24,E24)-1,"") | J24: =IF(ISNUMBER(FIND("1",$G24)),$A24&"|"&$B$5&"|1","") | K24: =IF(ISNUMBER(FIND("2",$G24)),$A24&"|"&$B$5&"|2","") | L24: =IF(ISNUMBER(FIND("3",$G24)),$A24&"|"&$B$5&"|3","") | M24: =IF(ISNUMBER(FIND("4",$G24)),$A24&"|"&$B$5&"|4","") | N24: {=IF($J24="","",IFERROR(INDEX('sheet template'!$F$2:$M$1009,_xlfn.AGGREGATE(15,6,(ROW('sheet template'!$A$2:$A$1009)-ROW('sheet template'!$A$2)+1)/('sheet template'!$A$2:$A$1009=$J24),RANDBETWEEN(1,COUNTIF('sheet template'!$A$2:$A$1009,$J24))),0),""))} | V24: {=IF($K24="","",IFERROR(INDEX('sheet template'!$F$2:$M$1009,_xlfn.AGGREGATE(15,6,(ROW('sheet template'!$A$2:$A$1009)-ROW('sheet template'!$A$2)+1)/('sheet template'!$A$2:$A$1009=$K24),RANDBETWEEN(1,3)),0),""))} | AD24: =IF($L24="","",IFERROR(INDEX('sheet template'!$F$2:$M$1009,_xlfn.AGGREGATE(15,6,(ROW('sheet template'!$A$2:$A$1009)-ROW('sheet template'!$A$2)+1)/('sheet template'!$A$2:$A$1009=$L24),RANDBETWEEN(1,3)),0),"")) | AL24: =IF($M24="","",IFERROR(INDEX('sheet template'!$F$2:$M$1009,_xlfn.AGGREGATE(15,6,(ROW('sheet template'!$A$2:$A$1009)-ROW('sheet template'!$A$2)+1)/('sheet template'!$A$2:$A$1009=$M24),RANDBETWEEN(1,3)),0),""))
A25: Communication & Deal with Others | B25: =IFERROR(INDEX(panduan!$C$3:$H$16,MATCH(TRIM(A25),panduan!$B$3:$B$16,0),MATCH(TRIM($B$4),panduan!$C$2:$H$2,0)),"") -> 1 | C25: =IFERROR(INDEX(panduan!$C$3:$H$16,MATCH(TRIM(A25),panduan!$B$3:$B$16,0),MATCH(TRIM($B$5),panduan!$C$2:$H$2,0)),"") -> 2 | D25: 4 | E25: =D25-C25 -> 2 | F25: =IF(E25<0,MIN(-E25,4),"") | G25: =IFERROR(INDEX(panduan!$C$167:$G$171,MATCH($F$37,panduan!$B$167:$B$171,0),MATCH($F25,panduan!$C$166:$G$166,0)),"") | H25: =IF(G25="","",SUBSTITUTE(SUBSTITUTE(SUBSTITUTE(SUBSTITUTE(G25,"1","Personal Development"),"2","Education-Based Development"),"3","Relation-Based Development"),"4","Experience-Based Development")) | I25: =IF(E25<0,_xlfn.RANK.EQ(E25,$E$13:$E$26,1)+COUNTIF($E$13:E25,E25)-1,"") | J25: =IF(ISNUMBER(FIND("1",$G25)),$A25&"|"&$B$5&"|1","") | K25: =IF(ISNUMBER(FIND("2",$G25)),$A25&"|"&$B$5&"|2","") | L25: =IF(ISNUMBER(FIND("3",$G25)),$A25&"|"&$B$5&"|3","") | M25: =IF(ISNUMBER(FIND("4",$G25)),$A25&"|"&$B$5&"|4","") | N25: =IF($J25="","",IFERROR(INDEX('sheet template'!$F$2:$M$1009,_xlfn.AGGREGATE(15,6,(ROW('sheet template'!$A$2:$A$1009)-ROW('sheet template'!$A$2)+1)/('sheet template'!$A$2:$A$1009=$J25),RANDBETWEEN(1,COUNTIF('sheet template'!$A$2:$A$1009,$J25))),0),"")) | V25: {=IF($K25="","",IFERROR(INDEX('sheet template'!$F$2:$M$1009,_xlfn.AGGREGATE(15,6,(ROW('sheet template'!$A$2:$A$1009)-ROW('sheet template'!$A$2)+1)/('sheet template'!$A$2:$A$1009=$K25),RANDBETWEEN(1,3)),0),""))} | AD25: =IF($L25="","",IFERROR(INDEX('sheet template'!$F$2:$M$1009,_xlfn.AGGREGATE(15,6,(ROW('sheet template'!$A$2:$A$1009)-ROW('sheet template'!$A$2)+1)/('sheet template'!$A$2:$A$1009=$L25),RANDBETWEEN(1,3)),0),"")) | AL25: =IF($M25="","",IFERROR(INDEX('sheet template'!$F$2:$M$1009,_xlfn.AGGREGATE(15,6,(ROW('sheet template'!$A$2:$A$1009)-ROW('sheet template'!$A$2)+1)/('sheet template'!$A$2:$A$1009=$M25),RANDBETWEEN(1,3)),0),""))
A26: Customer Focus | B26: =IFERROR(INDEX(panduan!$C$3:$H$16,MATCH(TRIM(A26),panduan!$B$3:$B$16,0),MATCH(TRIM($B$4),panduan!$C$2:$H$2,0)),"") -> 1 | C26: =IFERROR(INDEX(panduan!$C$3:$H$16,MATCH(TRIM(A26),panduan!$B$3:$B$16,0),MATCH(TRIM($B$5),panduan!$C$2:$H$2,0)),"") -> 2 | D26: 4 | E26: =D26-C26 -> 2 | F26: =IF(E26<0,MIN(-E26,4),"") | G26: =IFERROR(INDEX(panduan!$C$167:$G$171,MATCH($F$37,panduan!$B$167:$B$171,0),MATCH($F26,panduan!$C$166:$G$166,0)),"") | H26: =IF(G26="","",SUBSTITUTE(SUBSTITUTE(SUBSTITUTE(SUBSTITUTE(G26,"1","Personal Development"),"2","Education-Based Development"),"3","Relation-Based Development"),"4","Experience-Based Development")) | I26: =IF(E26<0,_xlfn.RANK.EQ(E26,$E$13:$E$26,1)+COUNTIF($E$13:E26,E26)-1,"") | J26: =IF(ISNUMBER(FIND("1",$G26)),$A26&"|"&$B$5&"|1","") | K26: =IF(ISNUMBER(FIND("2",$G26)),$A26&"|"&$B$5&"|2","") | L26: =IF(ISNUMBER(FIND("3",$G26)),$A26&"|"&$B$5&"|3","") | M26: =IF(ISNUMBER(FIND("4",$G26)),$A26&"|"&$B$5&"|4","") | N26: =IF($J26="","",IFERROR(INDEX('sheet template'!$F$2:$M$1009,_xlfn.AGGREGATE(15,6,(ROW('sheet template'!$A$2:$A$1009)-ROW('sheet template'!$A$2)+1)/('sheet template'!$A$2:$A$1009=$J26),RANDBETWEEN(1,COUNTIF('sheet template'!$A$2:$A$1009,$J26))),0),"")) | V26: =IF($K26="","",IFERROR(INDEX('sheet template'!$F$2:$M$1009,_xlfn.AGGREGATE(15,6,(ROW('sheet template'!$A$2:$A$1009)-ROW('sheet template'!$A$2)+1)/('sheet template'!$A$2:$A$1009=$K26),RANDBETWEEN(1,3)),0),"")) | AD26: =IF($L26="","",IFERROR(INDEX('sheet template'!$F$2:$M$1009,_xlfn.AGGREGATE(15,6,(ROW('sheet template'!$A$2:$A$1009)-ROW('sheet template'!$A$2)+1)/('sheet template'!$A$2:$A$1009=$L26),RANDBETWEEN(1,3)),0),"")) | AL26: =IF($M26="","",IFERROR(INDEX('sheet template'!$F$2:$M$1009,_xlfn.AGGREGATE(15,6,(ROW('sheet template'!$A$2:$A$1009)-ROW('sheet template'!$A$2)+1)/('sheet template'!$A$2:$A$1009=$M26),RANDBETWEEN(1,3)),0),""))
A31: Learning Agility | B31: Score Self | C31: Score Superior | D31: Gap Score Sup-Self | E31: Gap | F31: Gap Matriks
A32: ='Profile Summary'!A98 -> Mental Agility | B32: ='Profile Summary'!B98 -> 3 | C32: ='Profile Summary'!C98 -> 3 | D32: ='Profile Summary'!D98 -> 0 | E32: ='Profile Summary'!E98 -> Aligned
A33: ='Profile Summary'!A99 -> People Agility | B33: ='Profile Summary'!B99 -> 3 | C33: ='Profile Summary'!C99 -> 3 | D33: ='Profile Summary'!D99 -> 0 | E33: ='Profile Summary'!E99 -> Aligned
A34: ='Profile Summary'!A100 -> Change Agility | B34: ='Profile Summary'!B100 -> 3 | C34: ='Profile Summary'!C100 -> 3 | D34: ='Profile Summary'!D100 -> 0 | E34: ='Profile Summary'!E100 -> Aligned
A35: ='Profile Summary'!A101 -> Result Agility | B35: ='Profile Summary'!B101 -> 3 | C35: ='Profile Summary'!C101 -> 3 | D35: ='Profile Summary'!D101 -> 0 | E35: ='Profile Summary'!E101 -> Aligned
A36: ='Profile Summary'!A102 -> Self Awareness | B36: ='Profile Summary'!B102 -> 3 | C36: ='Profile Summary'!C102 -> 3 | D36: ='Profile Summary'!D102 -> 0 | E36: ='Profile Summary'!E102 -> Aligned
B37: ='Profile Summary'!B103 -> 3 | C37: ='Profile Summary'!C103 -> 3 | D37: ='Profile Summary'!D103 -> 0 | E37: ='Profile Summary'!E103 -> Aligned | F37: {=_xlfn.IFS(D37>=1,0,D37>=0.5,1,D37>=-0.49,2,D37>=-0.99,3,D37<=-1,4)} -> 2
A41: Level Next Path | B41: =Identitas!D12 -> Unit Head/Specialist
A43: Kompetensi | B43: Proficiency Level Saat ini | C43: Proficiency Level Next Path | D43: Hasil Potential | E43: Gap Kompetensi | F43: Absolut gap | G43: Metode Pengembangan dari matriks | H43: Metode dalam teks | I43: Prioritas | J43: Key Metode 1 | K43: Key Metode 2 | L43: Key Metode 3 | M43: Key Metode 4 | N43: Aktivitas Metode 1 | V43: Aktivitas Metode 2 | AD43: Aktivitas Metode 3 | AL43: Aktivitas Metode 4
A44: Achievement Drive | B44: =IFERROR(INDEX(panduan!$C$3:$H$16,MATCH(TRIM(A44),panduan!$B$3:$B$16,0),MATCH(TRIM($B$4),panduan!$C$2:$H$2,0)),"") -> 2 | C44: =IFERROR(INDEX(panduan!$C$3:$H$16,MATCH(TRIM(A44),panduan!$B$3:$B$16,0),MATCH(TRIM($B$41),panduan!$C$2:$H$2,0)),"") -> 3 | D44: 2 | E44: =D44-C44 -> -1 | F44: =IF(E44<0,MIN(-E44,4),"") -> 1 | G44: =IFERROR(INDEX(panduan!$C$167:$G$171,MATCH($F$37,panduan!$B$167:$B$171,0),MATCH($F44,panduan!$C$166:$G$166,0)),"") -> 1,2,3,4 | H44: =IF(G44="","",SUBSTITUTE(SUBSTITUTE(SUBSTITUTE(SUBSTITUTE(G44,"1","Personal Development"),"2","Education-Based Development"),"3","Relation-Based Development"),"4","Experience-Based Development")) -> Personal Development,Education-Based Development,Relation-Based Development,Experience-Based Development | I44: =IF(E44<0,_xlfn.RANK.EQ(E44,$E$44:$E$57,1)+COUNTIF($E$44:E44,E44)-1,"") -> 6 | J44: =IF(ISNUMBER(FIND("1",$G44)),$A44&"|"&$B$5&"|1","") -> Achievement Drive|Analyst|1 | K44: =IF(ISNUMBER(FIND("2",$G44)),$A44&"|"&$B$5&"|2","") -> Achievement Drive|Analyst|2 | L44: =IF(ISNUMBER(FIND("3",$G44)),$A44&"|"&$B$5&"|3","") -> Achievement Drive|Analyst|3 | M44: =IF(ISNUMBER(FIND("4",$G44)),$A44&"|"&$B$5&"|4","") -> Achievement Drive|Analyst|4 | N44: {=IF($J44="","",IFERROR(INDEX('sheet template'!$F$2:$M$1009,_xlfn.AGGREGATE(15,6,(ROW('sheet template'!$A$2:$A$1009)-ROW('sheet template'!$A$2)+1)/('sheet template'!$A$2:$A$1009=$J44),RANDBETWEEN(1,COUNTIF('sheet template'!$A$2:$A$1009,$J44))),0),""))} -> 3 | O44: Tugas291 | P44: Tujuan291 | Q44: Instruksi291 | R44: Output291 | S44: Waktu291 | T44: Monitoring291 | U44: Standar kelulusan291 | V44: {=IF($K44="","",IFERROR(INDEX('sheet template'!$F$2:$M$1009,_xlfn.AGGREGATE(15,6,(ROW('sheet template'!$A$2:$A$1009)-ROW('sheet template'!$A$2)+1)/('sheet template'!$A$2:$A$1009=$K44),RANDBETWEEN(1,COUNTIF('sheet template'!$A$2:$A$1009,$K44))),0),""))} -> 3 | W44: Tugas294 | X44: Tujuan294 | Y44: Instruksi294 | Z44: Output294 | AA44: Waktu294 | AB44: Monitoring294 | AC44: Standar kelulusan294 | AD44: {=IF($L44="","",IFERROR(INDEX('sheet template'!$F$2:$M$1009,_xlfn.AGGREGATE(15,6,(ROW('sheet template'!$A$2:$A$1009)-ROW('sheet template'!$A$2)+1)/('sheet template'!$A$2:$A$1009=$L44),RANDBETWEEN(1,COUNTIF('sheet template'!$A$2:$A$1009,$L44))),0),""))} -> 1 | AE44: Tugas295 | AF44: Tujuan295 | AG44: Instruksi295 | AH44: Output295 | AI44: Waktu295 | AJ44: Monitoring295 | AK44: Standar kelulusan295 | AL44: {=IF($M44="","",IFERROR(INDEX('sheet template'!$F$2:$M$1009,_xlfn.AGGREGATE(15,6,(ROW('sheet template'!$A$2:$A$1009)-ROW('sheet template'!$A$2)+1)/('sheet template'!$A$2:$A$1009=$M44),RANDBETWEEN(1,COUNTIF('sheet template'!$A$2:$A$1009,$M44))),0),""))} -> 3 | AM44: Tugas300 | AN44: Tujuan300 | AO44: Instruksi300 | AP44: Output300 | AQ44: Waktu300 | AR44: Monitoring300 | AS44: Standar kelulusan300
A45: Developing Oneself | B45: =IFERROR(INDEX(panduan!$C$3:$H$16,MATCH(TRIM(A45),panduan!$B$3:$B$16,0),MATCH(TRIM($B$4),panduan!$C$2:$H$2,0)),"") -> 1 | C45: =IFERROR(INDEX(panduan!$C$3:$H$16,MATCH(TRIM(A45),panduan!$B$3:$B$16,0),MATCH(TRIM($B$41),panduan!$C$2:$H$2,0)),"") -> 3 | D45: 2 | E45: =D45-C45 -> -1 | F45: =IF(E45<0,MIN(-E45,4),"") -> 1 | G45: =IFERROR(INDEX(panduan!$C$167:$G$171,MATCH($F$37,panduan!$B$167:$B$171,0),MATCH($F45,panduan!$C$166:$G$166,0)),"") -> 1,2,3,4 | H45: =IF(G45="","",SUBSTITUTE(SUBSTITUTE(SUBSTITUTE(SUBSTITUTE(G45,"1","Personal Development"),"2","Education-Based Development"),"3","Relation-Based Development"),"4","Experience-Based Development")) -> Personal Development,Education-Based Development,Relation-Based Development,Experience-Based Development | I45: =IF(E45<0,_xlfn.RANK.EQ(E45,$E$44:$E$57,1)+COUNTIF($E$44:E45,E45)-1,"") -> 7 | J45: =IF(ISNUMBER(FIND("1",$G45)),$A45&"|"&$B$5&"|1","") -> Developing Oneself|Analyst|1 | K45: =IF(ISNUMBER(FIND("2",$G45)),$A45&"|"&$B$5&"|2","") -> Developing Oneself|Analyst|2 | L45: =IF(ISNUMBER(FIND("3",$G45)),$A45&"|"&$B$5&"|3","") -> Developing Oneself|Analyst|3 | M45: =IF(ISNUMBER(FIND("4",$G45)),$A45&"|"&$B$5&"|4","") -> Developing Oneself|Analyst|4 | N45: {=IF($J45="","",IFERROR(INDEX('sheet template'!$F$2:$M$1009,_xlfn.AGGREGATE(15,6,(ROW('sheet template'!$A$2:$A$1009)-ROW('sheet template'!$A$2)+1)/('sheet template'!$A$2:$A$1009=$J45),RANDBETWEEN(1,COUNTIF('sheet template'!$A$2:$A$1009,$J45))),0),""))} -> 3 | O45: Tugas3 | P45: Tujuan3 | Q45: Instruksi3 | R45: Output3 | S45: Waktu3 | T45: Monitoring3 | U45: Standar kelulusan3 | V45: {=IF($J45="","",IFERROR(INDEX('sheet template'!$F$2:$M$1009,_xlfn.AGGREGATE(15,6,(ROW('sheet template'!$A$2:$A$1009)-ROW('sheet template'!$A$2)+1)/('sheet template'!$A$2:$A$1009=$J45),RANDBETWEEN(1,COUNTIF('sheet template'!$A$2:$A$1009,$J45))),0),""))} -> 3 | W45: Tugas3 | X45: Tujuan3 | Y45: Instruksi3 | Z45: Output3 | AA45: Waktu3 | AB45: Monitoring3 | AC45: Standar kelulusan3 | AD45: {=IF($L45="","",IFERROR(INDEX('sheet template'!$F$2:$M$1009,_xlfn.AGGREGATE(15,6,(ROW('sheet template'!$A$2:$A$1009)-ROW('sheet template'!$A$2)+1)/('sheet template'!$A$2:$A$1009=$L45),RANDBETWEEN(1,COUNTIF('sheet template'!$A$2:$A$1009,$L45))),0),""))} -> 2 | AE45: Tugas8 | AF45: Tujuan8 | AG45: Instruksi8 | AH45: Output8 | AI45: Waktu8 | AJ45: Monitoring8 | AK45: Standar kelulusan8 | AL45: {=IF($L45="","",IFERROR(INDEX('sheet template'!$F$2:$M$1009,_xlfn.AGGREGATE(15,6,(ROW('sheet template'!$A$2:$A$1009)-ROW('sheet template'!$A$2)+1)/('sheet template'!$A$2:$A$1009=$L45),RANDBETWEEN(1,COUNTIF('sheet template'!$A$2:$A$1009,$L45))),0),""))} -> 2 | AM45: Tugas8 | AN45: Tujuan8 | AO45: Instruksi8 | AP45: Output8 | AQ45: Waktu8 | AR45: Monitoring8 | AS45: Standar kelulusan8
A46: Planning & Organizing | B46: =IFERROR(INDEX(panduan!$C$3:$H$16,MATCH(TRIM(A46),panduan!$B$3:$B$16,0),MATCH(TRIM($B$4),panduan!$C$2:$H$2,0)),"") -> 1 | C46: =IFERROR(INDEX(panduan!$C$3:$H$16,MATCH(TRIM(A46),panduan!$B$3:$B$16,0),MATCH(TRIM($B$41),panduan!$C$2:$H$2,0)),"") -> 3 | D46: 2 | E46: =D46-C46 -> -1 | F46: =IF(E46<0,MIN(-E46,4),"") -> 1 | G46: =IFERROR(INDEX(panduan!$C$167:$G$171,MATCH($F$37,panduan!$B$167:$B$171,0),MATCH($F46,panduan!$C$166:$G$166,0)),"") -> 1,2,3,4 | H46: =IF(G46="","",SUBSTITUTE(SUBSTITUTE(SUBSTITUTE(SUBSTITUTE(G46,"1","Personal Development"),"2","Education-Based Development"),"3","Relation-Based Development"),"4","Experience-Based Development")) -> Personal Development,Education-Based Development,Relation-Based Development,Experience-Based Development | I46: =IF(E46<0,_xlfn.RANK.EQ(E46,$E$44:$E$57,1)+COUNTIF($E$44:E46,E46)-1,"") -> 8 | J46: =IF(ISNUMBER(FIND("1",$G46)),$A46&"|"&$B$5&"|1","") -> Planning & Organizing|Analyst|1 | K46: =IF(ISNUMBER(FIND("2",$G46)),$A46&"|"&$B$5&"|2","") -> Planning & Organizing|Analyst|2 | L46: =IF(ISNUMBER(FIND("3",$G46)),$A46&"|"&$B$5&"|3","") -> Planning & Organizing|Analyst|3 | M46: =IF(ISNUMBER(FIND("4",$G46)),$A46&"|"&$B$5&"|4","") -> Planning & Organizing|Analyst|4 | N46: {=IF($J46="","",IFERROR(INDEX('sheet template'!$F$2:$M$1009,_xlfn.AGGREGATE(15,6,(ROW('sheet template'!$A$2:$A$1009)-ROW('sheet template'!$A$2)+1)/('sheet template'!$A$2:$A$1009=$J46),RANDBETWEEN(1,COUNTIF('sheet template'!$A$2:$A$1009,$J46))),0),""))} -> 3 | O46: Tugas75 | P46: Tujuan75 | Q46: Instruksi75 | R46: Output75 | S46: Waktu75 | T46: Monitoring75 | U46: Standar kelulusan75 | V46: {=IF($J46="","",IFERROR(INDEX('sheet template'!$F$2:$M$1009,_xlfn.AGGREGATE(15,6,(ROW('sheet template'!$A$2:$A$1009)-ROW('sheet template'!$A$2)+1)/('sheet template'!$A$2:$A$1009=$J46),RANDBETWEEN(1,COUNTIF('sheet template'!$A$2:$A$1009,$J46))),0),""))} -> 2 | W46: Tugas74 | X46: Tujuan74 | Y46: Instruksi74 | Z46: Output74 | AA46: Waktu74 | AB46: Monitoring74 | AC46: Standar kelulusan74 | AD46: {=IF($L46="","",IFERROR(INDEX('sheet template'!$F$2:$M$1009,_xlfn.AGGREGATE(15,6,(ROW('sheet template'!$A$2:$A$1009)-ROW('sheet template'!$A$2)+1)/('sheet template'!$A$2:$A$1009=$L46),RANDBETWEEN(1,COUNTIF('sheet template'!$A$2:$A$1009,$L46))),0),""))} -> 2 | AE46: Tugas80 | AF46: Tujuan80 | AG46: Instruksi80 | AH46: Output80 | AI46: Waktu80 | AJ46: Monitoring80 | AK46: Standar kelulusan80 | AL46: {=IF($L46="","",IFERROR(INDEX('sheet template'!$F$2:$M$1009,_xlfn.AGGREGATE(15,6,(ROW('sheet template'!$A$2:$A$1009)-ROW('sheet template'!$A$2)+1)/('sheet template'!$A$2:$A$1009=$L46),RANDBETWEEN(1,COUNTIF('sheet template'!$A$2:$A$1009,$L46))),0),""))} -> 3 | AM46: Tugas81 | AN46: Tujuan81 | AO46: Instruksi81 | AP46: Output81 | AQ46: Waktu81 | AR46: Monitoring81 | AS46: Standar kelulusan81
A47: Problem Solving & Decision Making | B47: =IFERROR(INDEX(panduan!$C$3:$H$16,MATCH(TRIM(A47),panduan!$B$3:$B$16,0),MATCH(TRIM($B$4),panduan!$C$2:$H$2,0)),"") -> 1 | C47: =IFERROR(INDEX(panduan!$C$3:$H$16,MATCH(TRIM(A47),panduan!$B$3:$B$16,0),MATCH(TRIM($B$41),panduan!$C$2:$H$2,0)),"") -> 4 | D47: 2 | E47: =D47-C47 -> -2 | F47: =IF(E47<0,MIN(-E47,4),"") -> 2 | G47: =IFERROR(INDEX(panduan!$C$167:$G$171,MATCH($F$37,panduan!$B$167:$B$171,0),MATCH($F47,panduan!$C$166:$G$166,0)),"") -> 1,2,3,4 | H47: =IF(G47="","",SUBSTITUTE(SUBSTITUTE(SUBSTITUTE(SUBSTITUTE(G47,"1","Personal Development"),"2","Education-Based Development"),"3","Relation-Based Development"),"4","Experience-Based Development")) -> Personal Development,Education-Based Development,Relation-Based Development,Experience-Based Development | I47: =IF(E47<0,_xlfn.RANK.EQ(E47,$E$44:$E$57,1)+COUNTIF($E$44:E47,E47)-1,"") -> 2 | J47: =IF(ISNUMBER(FIND("1",$G47)),$A47&"|"&$B$5&"|1","") -> Problem Solving & Decision Making|Analyst|1 | K47: =IF(ISNUMBER(FIND("2",$G47)),$A47&"|"&$B$5&"|2","") -> Problem Solving & Decision Making|Analyst|2 | L47: =IF(ISNUMBER(FIND("3",$G47)),$A47&"|"&$B$5&"|3","") -> Problem Solving & Decision Making|Analyst|3 | M47: =IF(ISNUMBER(FIND("4",$G47)),$A47&"|"&$B$5&"|4","") -> Problem Solving & Decision Making|Analyst|4 | N47: {=IF($J47="","",IFERROR(INDEX('sheet template'!$F$2:$M$1009,_xlfn.AGGREGATE(15,6,(ROW('sheet template'!$A$2:$A$1009)-ROW('sheet template'!$A$2)+1)/('sheet template'!$A$2:$A$1009=$J47),RANDBETWEEN(1,COUNTIF('sheet template'!$A$2:$A$1009,$J47))),0),""))} -> 2 | O47: Tugas146 | P47: Tujuan146 | Q47: Instruksi146 | R47: Output146 | S47: Waktu146 | T47: Monitoring146 | U47: Standar kelulusan146 | V47: {=IF($J47="","",IFERROR(INDEX('sheet template'!$F$2:$M$1009,_xlfn.AGGREGATE(15,6,(ROW('sheet template'!$A$2:$A$1009)-ROW('sheet template'!$A$2)+1)/('sheet template'!$A$2:$A$1009=$J47),RANDBETWEEN(1,COUNTIF('sheet template'!$A$2:$A$1009,$J47))),0),""))} -> 1 | W47: Tugas145 | X47: Tujuan145 | Y47: Instruksi145 | Z47: Output145 | AA47: Waktu145 | AB47: Monitoring145 | AC47: Standar kelulusan145 | AD47: {=IF($L47="","",IFERROR(INDEX('sheet template'!$F$2:$M$1009,_xlfn.AGGREGATE(15,6,(ROW('sheet template'!$A$2:$A$1009)-ROW('sheet template'!$A$2)+1)/('sheet template'!$A$2:$A$1009=$L47),RANDBETWEEN(1,COUNTIF('sheet template'!$A$2:$A$1009,$L47))),0),""))} -> 3 | AE47: Tugas153 | AF47: Tujuan153 | AG47: Instruksi153 | AH47: Output153 | AI47: Waktu153 | AJ47: Monitoring153 | AK47: Standar kelulusan153 | AL47: {=IF($L47="","",IFERROR(INDEX('sheet template'!$F$2:$M$1009,_xlfn.AGGREGATE(15,6,(ROW('sheet template'!$A$2:$A$1009)-ROW('sheet template'!$A$2)+1)/('sheet template'!$A$2:$A$1009=$L47),RANDBETWEEN(1,COUNTIF('sheet template'!$A$2:$A$1009,$L47))),0),""))} -> 3 | AM47: Tugas153 | AN47: Tujuan153 | AO47: Instruksi153 | AP47: Output153 | AQ47: Waktu153 | AR47: Monitoring153 | AS47: Standar kelulusan153
A48: Controlling & Corrective Action | B48: =IFERROR(INDEX(panduan!$C$3:$H$16,MATCH(TRIM(A48),panduan!$B$3:$B$16,0),MATCH(TRIM($B$4),panduan!$C$2:$H$2,0)),"") -> 2 | C48: =IFERROR(INDEX(panduan!$C$3:$H$16,MATCH(TRIM(A48),panduan!$B$3:$B$16,0),MATCH(TRIM($B$41),panduan!$C$2:$H$2,0)),"") -> 3 | D48: 3 | E48: =D48-C48 -> 0 | F48: =IF(E48<0,MIN(-E48,4),"") | G48: =IFERROR(INDEX(panduan!$C$167:$G$171,MATCH($F$37,panduan!$B$167:$B$171,0),MATCH($F48,panduan!$C$166:$G$166,0)),"") | H48: =IF(G48="","",SUBSTITUTE(SUBSTITUTE(SUBSTITUTE(SUBSTITUTE(G48,"1","Personal Development"),"2","Education-Based Development"),"3","Relation-Based Development"),"4","Experience-Based Development")) | I48: =IF(E48<0,_xlfn.RANK.EQ(E48,$E$44:$E$57,1)+COUNTIF($E$44:E48,E48)-1,"") | J48: =IF(ISNUMBER(FIND("1",$G48)),$A48&"|"&$B$5&"|1","") | K48: =IF(ISNUMBER(FIND("2",$G48)),$A48&"|"&$B$5&"|2","") | L48: =IF(ISNUMBER(FIND("3",$G48)),$A48&"|"&$B$5&"|3","") | M48: =IF(ISNUMBER(FIND("4",$G48)),$A48&"|"&$B$5&"|4","") | N48: {=IF($J48="","",IFERROR(INDEX('sheet template'!$F$2:$M$1009,_xlfn.AGGREGATE(15,6,(ROW('sheet template'!$A$2:$A$1009)-ROW('sheet template'!$A$2)+1)/('sheet template'!$A$2:$A$1009=$J48),RANDBETWEEN(1,COUNTIF('sheet template'!$A$2:$A$1009,$J48))),0),""))} | V48: =IF($J48="","",IFERROR(INDEX('sheet template'!$F$2:$M$1009,_xlfn.AGGREGATE(15,6,(ROW('sheet template'!$A$2:$A$1009)-ROW('sheet template'!$A$2)+1)/('sheet template'!$A$2:$A$1009=$J48),RANDBETWEEN(1,COUNTIF('sheet template'!$A$2:$A$1009,$J48))),0),"")) | AD48: {=IF($L48="","",IFERROR(INDEX('sheet template'!$F$2:$M$1009,_xlfn.AGGREGATE(15,6,(ROW('sheet template'!$A$2:$A$1009)-ROW('sheet template'!$A$2)+1)/('sheet template'!$A$2:$A$1009=$L48),RANDBETWEEN(1,COUNTIF('sheet template'!$A$2:$A$1009,$L48))),0),""))} | AL48: {=IF($L48="","",IFERROR(INDEX('sheet template'!$F$2:$M$1009,_xlfn.AGGREGATE(15,6,(ROW('sheet template'!$A$2:$A$1009)-ROW('sheet template'!$A$2)+1)/('sheet template'!$A$2:$A$1009=$L48),RANDBETWEEN(1,COUNTIF('sheet template'!$A$2:$A$1009,$L48))),0),""))}
A49: Analytical Thinking | B49: =IFERROR(INDEX(panduan!$C$3:$H$16,MATCH(TRIM(A49),panduan!$B$3:$B$16,0),MATCH(TRIM($B$4),panduan!$C$2:$H$2,0)),"") -> 1 | C49: =IFERROR(INDEX(panduan!$C$3:$H$16,MATCH(TRIM(A49),panduan!$B$3:$B$16,0),MATCH(TRIM($B$41),panduan!$C$2:$H$2,0)),"") -> 3 | D49: 1 | E49: =D49-C49 -> -2 | F49: =IF(E49<0,MIN(-E49,4),"") -> 2 | G49: =IFERROR(INDEX(panduan!$C$167:$G$171,MATCH($F$37,panduan!$B$167:$B$171,0),MATCH($F49,panduan!$C$166:$G$166,0)),"") -> 1,2,3,4 | H49: =IF(G49="","",SUBSTITUTE(SUBSTITUTE(SUBSTITUTE(SUBSTITUTE(G49,"1","Personal Development"),"2","Education-Based Development"),"3","Relation-Based Development"),"4","Experience-Based Development")) -> Personal Development,Education-Based Development,Relation-Based Development,Experience-Based Development | I49: =IF(E49<0,_xlfn.RANK.EQ(E49,$E$44:$E$57,1)+COUNTIF($E$44:E49,E49)-1,"") -> 3 | J49: =IF(ISNUMBER(FIND("1",$G49)),$A49&"|"&$B$5&"|1","") -> Analytical Thinking|Analyst|1 | K49: =IF(ISNUMBER(FIND("2",$G49)),$A49&"|"&$B$5&"|2","") -> Analytical Thinking|Analyst|2 | L49: =IF(ISNUMBER(FIND("3",$G49)),$A49&"|"&$B$5&"|3","") -> Analytical Thinking|Analyst|3 | M49: =IF(ISNUMBER(FIND("4",$G49)),$A49&"|"&$B$5&"|4","") -> Analytical Thinking|Analyst|4 | N49: {=IF($J49="","",IFERROR(INDEX('sheet template'!$F$2:$M$1009,_xlfn.AGGREGATE(15,6,(ROW('sheet template'!$A$2:$A$1009)-ROW('sheet template'!$A$2)+1)/('sheet template'!$A$2:$A$1009=$J49),RANDBETWEEN(1,COUNTIF('sheet template'!$A$2:$A$1009,$J49))),0),""))} -> 3 | O49: Tugas363 | P49: Tujuan363 | Q49: Instruksi363 | R49: Output363 | S49: Waktu363 | T49: Monitoring363 | U49: Standar kelulusan363 | V49: {=IF($J49="","",IFERROR(INDEX('sheet template'!$F$2:$M$1009,_xlfn.AGGREGATE(15,6,(ROW('sheet template'!$A$2:$A$1009)-ROW('sheet template'!$A$2)+1)/('sheet template'!$A$2:$A$1009=$J49),RANDBETWEEN(1,COUNTIF('sheet template'!$A$2:$A$1009,$J49))),0),""))} -> 3 | W49: Tugas363 | X49: Tujuan363 | Y49: Instruksi363 | Z49: Output363 | AA49: Waktu363 | AB49: Monitoring363 | AC49: Standar kelulusan363 | AD49: {=IF($L49="","",IFERROR(INDEX('sheet template'!$F$2:$M$1009,_xlfn.AGGREGATE(15,6,(ROW('sheet template'!$A$2:$A$1009)-ROW('sheet template'!$A$2)+1)/('sheet template'!$A$2:$A$1009=$L49),RANDBETWEEN(1,COUNTIF('sheet template'!$A$2:$A$1009,$L49))),0),""))} -> 1 | AE49: Tugas367 | AF49: Tujuan367 | AG49: Instruksi367 | AH49: Output367 | AI49: Waktu367 | AJ49: Monitoring367 | AK49: Standar kelulusan367 | AL49: {=IF($L49="","",IFERROR(INDEX('sheet template'!$F$2:$M$1009,_xlfn.AGGREGATE(15,6,(ROW('sheet template'!$A$2:$A$1009)-ROW('sheet template'!$A$2)+1)/('sheet template'!$A$2:$A$1009=$L49),RANDBETWEEN(1,COUNTIF('sheet template'!$A$2:$A$1009,$L49))),0),""))} -> 3 | AM49: Tugas369 | AN49: Tujuan369 | AO49: Instruksi369 | AP49: Output369 | AQ49: Waktu369 | AR49: Monitoring369 | AS49: Standar kelulusan369
A50: Managing Change | B50: =IFERROR(INDEX(panduan!$C$3:$H$16,MATCH(TRIM(A50),panduan!$B$3:$B$16,0),MATCH(TRIM($B$4),panduan!$C$2:$H$2,0)),"") -> 1 | C50: =IFERROR(INDEX(panduan!$C$3:$H$16,MATCH(TRIM(A50),panduan!$B$3:$B$16,0),MATCH(TRIM($B$41),panduan!$C$2:$H$2,0)),"") -> 3 | D50: 1 | E50: =D50-C50 -> -2 | F50: =IF(E50<0,MIN(-E50,4),"") -> 2 | G50: =IFERROR(INDEX(panduan!$C$167:$G$171,MATCH($F$37,panduan!$B$167:$B$171,0),MATCH($F50,panduan!$C$166:$G$166,0)),"") -> 1,2,3,4 | H50: =IF(G50="","",SUBSTITUTE(SUBSTITUTE(SUBSTITUTE(SUBSTITUTE(G50,"1","Personal Development"),"2","Education-Based Development"),"3","Relation-Based Development"),"4","Experience-Based Development")) -> Personal Development,Education-Based Development,Relation-Based Development,Experience-Based Development | I50: =IF(E50<0,_xlfn.RANK.EQ(E50,$E$44:$E$57,1)+COUNTIF($E$44:E50,E50)-1,"") -> 4 | J50: =IF(ISNUMBER(FIND("1",$G50)),$A50&"|"&$B$5&"|1","") -> Managing Change|Analyst|1 | K50: =IF(ISNUMBER(FIND("2",$G50)),$A50&"|"&$B$5&"|2","") -> Managing Change|Analyst|2 | L50: =IF(ISNUMBER(FIND("3",$G50)),$A50&"|"&$B$5&"|3","") -> Managing Change|Analyst|3 | M50: =IF(ISNUMBER(FIND("4",$G50)),$A50&"|"&$B$5&"|4","") -> Managing Change|Analyst|4 | N50: {=IF($J50="","",IFERROR(INDEX('sheet template'!$F$2:$M$1009,_xlfn.AGGREGATE(15,6,(ROW('sheet template'!$A$2:$A$1009)-ROW('sheet template'!$A$2)+1)/('sheet template'!$A$2:$A$1009=$J50),RANDBETWEEN(1,COUNTIF('sheet template'!$A$2:$A$1009,$J50))),0),""))} -> 2 | O50: Tugas434 | P50: Tujuan434 | Q50: Instruksi434 | R50: Output434 | S50: Waktu434 | T50: Monitoring434 | U50: Standar kelulusan434 | V50: {=IF($J50="","",IFERROR(INDEX('sheet template'!$F$2:$M$1009,_xlfn.AGGREGATE(15,6,(ROW('sheet template'!$A$2:$A$1009)-ROW('sheet template'!$A$2)+1)/('sheet template'!$A$2:$A$1009=$J50),RANDBETWEEN(1,COUNTIF('sheet template'!$A$2:$A$1009,$J50))),0),""))} -> 2 | W50: Tugas434 | X50: Tujuan434 | Y50: Instruksi434 | Z50: Output434 | AA50: Waktu434 | AB50: Monitoring434 | AC50: Standar kelulusan434 | AD50: {=IF($L50="","",IFERROR(INDEX('sheet template'!$F$2:$M$1009,_xlfn.AGGREGATE(15,6,(ROW('sheet template'!$A$2:$A$1009)-ROW('sheet template'!$A$2)+1)/('sheet template'!$A$2:$A$1009=$L50),RANDBETWEEN(1,COUNTIF('sheet template'!$A$2:$A$1009,$L50))),0),""))} -> 2 | AE50: Tugas440 | AF50: Tujuan440 | AG50: Instruksi440 | AH50: Output440 | AI50: Waktu440 | AJ50: Monitoring440 | AK50: Standar kelulusan440 | AL50: {=IF($L50="","",IFERROR(INDEX('sheet template'!$F$2:$M$1009,_xlfn.AGGREGATE(15,6,(ROW('sheet template'!$A$2:$A$1009)-ROW('sheet template'!$A$2)+1)/('sheet template'!$A$2:$A$1009=$L50),RANDBETWEEN(1,COUNTIF('sheet template'!$A$2:$A$1009,$L50))),0),""))} -> 2 | AM50: Tugas440 | AN50: Tujuan440 | AO50: Instruksi440 | AP50: Output440 | AQ50: Waktu440 | AR50: Monitoring440 | AS50: Standar kelulusan440
A51: Strategic Thinking | B51: =IFERROR(INDEX(panduan!$C$3:$H$16,MATCH(TRIM(A51),panduan!$B$3:$B$16,0),MATCH(TRIM($B$4),panduan!$C$2:$H$2,0)),"") -> 1 | C51: =IFERROR(INDEX(panduan!$C$3:$H$16,MATCH(TRIM(A51),panduan!$B$3:$B$16,0),MATCH(TRIM($B$41),panduan!$C$2:$H$2,0)),"") -> 3 | D51: 1 | E51: =D51-C51 -> -2 | F51: =IF(E51<0,MIN(-E51,4),"") -> 2 | G51: =IFERROR(INDEX(panduan!$C$167:$G$171,MATCH($F$37,panduan!$B$167:$B$171,0),MATCH($F51,panduan!$C$166:$G$166,0)),"") -> 1,2,3,4 | H51: =IF(G51="","",SUBSTITUTE(SUBSTITUTE(SUBSTITUTE(SUBSTITUTE(G51,"1","Personal Development"),"2","Education-Based Development"),"3","Relation-Based Development"),"4","Experience-Based Development")) -> Personal Development,Education-Based Development,Relation-Based Development,Experience-Based Development | I51: =IF(E51<0,_xlfn.RANK.EQ(E51,$E$44:$E$57,1)+COUNTIF($E$44:E51,E51)-1,"") -> 5 | J51: =IF(ISNUMBER(FIND("1",$G51)),$A51&"|"&$B$5&"|1","") -> Strategic Thinking|Analyst|1 | K51: =IF(ISNUMBER(FIND("2",$G51)),$A51&"|"&$B$5&"|2","") -> Strategic Thinking|Analyst|2 | L51: =IF(ISNUMBER(FIND("3",$G51)),$A51&"|"&$B$5&"|3","") -> Strategic Thinking|Analyst|3 | M51: =IF(ISNUMBER(FIND("4",$G51)),$A51&"|"&$B$5&"|4","") -> Strategic Thinking|Analyst|4 | N51: {=IF($J51="","",IFERROR(INDEX('sheet template'!$F$2:$M$1009,_xlfn.AGGREGATE(15,6,(ROW('sheet template'!$A$2:$A$1009)-ROW('sheet template'!$A$2)+1)/('sheet template'!$A$2:$A$1009=$J51),RANDBETWEEN(1,COUNTIF('sheet template'!$A$2:$A$1009,$J51))),0),""))} -> 3 | O51: Tugas507 | P51: Tujuan507 | Q51: Instruksi507 | R51: Output507 | S51: Waktu507 | T51: Monitoring507 | U51: Standar kelulusan507 | V51: {=IF($J51="","",IFERROR(INDEX('sheet template'!$F$2:$M$1009,_xlfn.AGGREGATE(15,6,(ROW('sheet template'!$A$2:$A$1009)-ROW('sheet template'!$A$2)+1)/('sheet template'!$A$2:$A$1009=$J51),RANDBETWEEN(1,COUNTIF('sheet template'!$A$2:$A$1009,$J51))),0),""))} -> 3 | W51: Tugas507 | X51: Tujuan507 | Y51: Instruksi507 | Z51: Output507 | AA51: Waktu507 | AB51: Monitoring507 | AC51: Standar kelulusan507 | AD51: {=IF($L51="","",IFERROR(INDEX('sheet template'!$F$2:$M$1009,_xlfn.AGGREGATE(15,6,(ROW('sheet template'!$A$2:$A$1009)-ROW('sheet template'!$A$2)+1)/('sheet template'!$A$2:$A$1009=$L51),RANDBETWEEN(1,COUNTIF('sheet template'!$A$2:$A$1009,$L51))),0),""))} -> 1 | AE51: Tugas511 | AF51: Tujuan511 | AG51: Instruksi511 | AH51: Output511 | AI51: Waktu511 | AJ51: Monitoring511 | AK51: Standar kelulusan511 | AL51: {=IF($L51="","",IFERROR(INDEX('sheet template'!$F$2:$M$1009,_xlfn.AGGREGATE(15,6,(ROW('sheet template'!$A$2:$A$1009)-ROW('sheet template'!$A$2)+1)/('sheet template'!$A$2:$A$1009=$L51),RANDBETWEEN(1,COUNTIF('sheet template'!$A$2:$A$1009,$L51))),0),""))} -> 1 | AM51: Tugas511 | AN51: Tujuan511 | AO51: Instruksi511 | AP51: Output511 | AQ51: Waktu511 | AR51: Monitoring511 | AS51: Standar kelulusan511
A52: Conceptual Thinking | B52: =IFERROR(INDEX(panduan!$C$3:$H$16,MATCH(TRIM(A52),panduan!$B$3:$B$16,0),MATCH(TRIM($B$4),panduan!$C$2:$H$2,0)),"") -> 1 | C52: =IFERROR(INDEX(panduan!$C$3:$H$16,MATCH(TRIM(A52),panduan!$B$3:$B$16,0),MATCH(TRIM($B$41),panduan!$C$2:$H$2,0)),"") -> 3 | D52: 2 | E52: =D52-C52 -> -1 | F52: =IF(E52<0,MIN(-E52,4),"") -> 1 | G52: =IFERROR(INDEX(panduan!$C$167:$G$171,MATCH($F$37,panduan!$B$167:$B$171,0),MATCH($F52,panduan!$C$166:$G$166,0)),"") -> 1,2,3,4 | H52: =IF(G52="","",SUBSTITUTE(SUBSTITUTE(SUBSTITUTE(SUBSTITUTE(G52,"1","Personal Development"),"2","Education-Based Development"),"3","Relation-Based Development"),"4","Experience-Based Development")) -> Personal Development,Education-Based Development,Relation-Based Development,Experience-Based Development | I52: =IF(E52<0,_xlfn.RANK.EQ(E52,$E$44:$E$57,1)+COUNTIF($E$44:E52,E52)-1,"") -> 9 | J52: =IF(ISNUMBER(FIND("1",$G52)),$A52&"|"&$B$5&"|1","") -> Conceptual Thinking|Analyst|1 | K52: =IF(ISNUMBER(FIND("2",$G52)),$A52&"|"&$B$5&"|2","") -> Conceptual Thinking|Analyst|2 | L52: =IF(ISNUMBER(FIND("3",$G52)),$A52&"|"&$B$5&"|3","") -> Conceptual Thinking|Analyst|3 | M52: =IF(ISNUMBER(FIND("4",$G52)),$A52&"|"&$B$5&"|4","") -> Conceptual Thinking|Analyst|4 | N52: {=IF($J52="","",IFERROR(INDEX('sheet template'!$F$2:$M$1009,_xlfn.AGGREGATE(15,6,(ROW('sheet template'!$A$2:$A$1009)-ROW('sheet template'!$A$2)+1)/('sheet template'!$A$2:$A$1009=$J52),RANDBETWEEN(1,COUNTIF('sheet template'!$A$2:$A$1009,$J52))),0),""))} -> 1 | O52: Tugas577 | P52: Tujuan577 | Q52: Instruksi577 | R52: Output577 | S52: Waktu577 | T52: Monitoring577 | U52: Standar kelulusan577 | V52: {=IF($J52="","",IFERROR(INDEX('sheet template'!$F$2:$M$1009,_xlfn.AGGREGATE(15,6,(ROW('sheet template'!$A$2:$A$1009)-ROW('sheet template'!$A$2)+1)/('sheet template'!$A$2:$A$1009=$J52),RANDBETWEEN(1,COUNTIF('sheet template'!$A$2:$A$1009,$J52))),0),""))} -> 1 | W52: Tugas577 | X52: Tujuan577 | Y52: Instruksi577 | Z52: Output577 | AA52: Waktu577 | AB52: Monitoring577 | AC52: Standar kelulusan577 | AD52: {=IF($L52="","",IFERROR(INDEX('sheet template'!$F$2:$M$1009,_xlfn.AGGREGATE(15,6,(ROW('sheet template'!$A$2:$A$1009)-ROW('sheet template'!$A$2)+1)/('sheet template'!$A$2:$A$1009=$L52),RANDBETWEEN(1,COUNTIF('sheet template'!$A$2:$A$1009,$L52))),0),""))} -> 1 | AE52: Tugas583 | AF52: Tujuan583 | AG52: Instruksi583 | AH52: Output583 | AI52: Waktu583 | AJ52: Monitoring583 | AK52: Standar kelulusan583 | AL52: {=IF($L52="","",IFERROR(INDEX('sheet template'!$F$2:$M$1009,_xlfn.AGGREGATE(15,6,(ROW('sheet template'!$A$2:$A$1009)-ROW('sheet template'!$A$2)+1)/('sheet template'!$A$2:$A$1009=$L52),RANDBETWEEN(1,COUNTIF('sheet template'!$A$2:$A$1009,$L52))),0),""))} -> 1 | AM52: Tugas583 | AN52: Tujuan583 | AO52: Instruksi583 | AP52: Output583 | AQ52: Waktu583 | AR52: Monitoring583 | AS52: Standar kelulusan583
A53: Leadership | B53: =IFERROR(INDEX(panduan!$C$3:$H$16,MATCH(TRIM(A53),panduan!$B$3:$B$16,0),MATCH(TRIM($B$4),panduan!$C$2:$H$2,0)),"") -> 2 | C53: =IFERROR(INDEX(panduan!$C$3:$H$16,MATCH(TRIM(A53),panduan!$B$3:$B$16,0),MATCH(TRIM($B$41),panduan!$C$2:$H$2,0)),"") -> 4 | D53: 1 | E53: =D53-C53 -> -3 | F53: =IF(E53<0,MIN(-E53,4),"") -> 3 | G53: =IFERROR(INDEX(panduan!$C$167:$G$171,MATCH($F$37,panduan!$B$167:$B$171,0),MATCH($F53,panduan!$C$166:$G$166,0)),"") -> 1,2,3,4 | H53: =IF(G53="","",SUBSTITUTE(SUBSTITUTE(SUBSTITUTE(SUBSTITUTE(G53,"1","Personal Development"),"2","Education-Based Development"),"3","Relation-Based Development"),"4","Experience-Based Development")) -> Personal Development,Education-Based Development,Relation-Based Development,Experience-Based Development | I53: =IF(E53<0,_xlfn.RANK.EQ(E53,$E$44:$E$57,1)+COUNTIF($E$44:E53,E53)-1,"") -> 1 | J53: =IF(ISNUMBER(FIND("1",$G53)),$A53&"|"&$B$5&"|1","") -> Leadership|Analyst|1 | K53: =IF(ISNUMBER(FIND("2",$G53)),$A53&"|"&$B$5&"|2","") -> Leadership|Analyst|2 | L53: =IF(ISNUMBER(FIND("3",$G53)),$A53&"|"&$B$5&"|3","") -> Leadership|Analyst|3 | M53: =IF(ISNUMBER(FIND("4",$G53)),$A53&"|"&$B$5&"|4","") -> Leadership|Analyst|4 | N53: {=IF($J53="","",IFERROR(INDEX('sheet template'!$F$2:$M$1009,_xlfn.AGGREGATE(15,6,(ROW('sheet template'!$A$2:$A$1009)-ROW('sheet template'!$A$2)+1)/('sheet template'!$A$2:$A$1009=$J53),RANDBETWEEN(1,COUNTIF('sheet template'!$A$2:$A$1009,$J53))),0),""))} -> 2 | O53: Latihan "Menahan Diri dari Memberi Solusi" | P53: Membangun kebiasaan mendengar dan bertanya, bukan langsung memberi solusi. | Q53: Dalam setiap percakapan dengan rekan yang sedang bercerita tentang masalahnya, tahan keinginan untuk memberi solusi. Sebaliknya, ajukan 3 pertanyaan eksploratif sebelum merespons. Catat keberhasilan. | R53: Log 30 percakapan; rasio bertanya vs memberi solusi; target rasio bertanya:solusi ≥3:1 | S53: Bulan 1–12 | T53: Per bulan | U53: Rasio bertanya:solusi ≥3:1 di akhir bulan ke-3. Review log oleh mentor | V53: {=IF($J53="","",IFERROR(INDEX('sheet template'!$F$2:$M$1009,_xlfn.AGGREGATE(15,6,(ROW('sheet template'!$A$2:$A$1009)-ROW('sheet template'!$A$2)+1)/('sheet template'!$A$2:$A$1009=$J53),RANDBETWEEN(1,COUNTIF('sheet template'!$A$2:$A$1009,$J53))),0),""))} -> 1 | W53: Jurnal "Pertanyaan Eksploratif" Harian | X53: Melatih kebiasaan mengajukan pertanyaan yang menggali lebih dalam tentang orang lain. | Y53: Setiap hari, dalam 1 interaksi dengan rekan kerja, ajukan 1 pertanyaan eksploratif di luar topik pekerjaan (contoh: "Apa yang membuatmu tertarik di bidang ini?", "Bagaimana pengalamanmu sebelumnya membentuk cara kerjamu sekarang?"). Catat pertanyaan dan responsnya. | Z53: Jurnal minimal 30 pertanyaan eksploratif; refleksi tentang pola respons yang muncul. | AA53: Bulan 1–12 | AB53: Per bulan | AC53: Minimal 80% dari 30 pertanyaan mendapat respons yang menunjukkan elaborasi, contoh, atau informasi baru; 5 contoh direview mentor. | AD53: {=IF($L53="","",IFERROR(INDEX('sheet template'!$F$2:$M$1009,_xlfn.AGGREGATE(15,6,(ROW('sheet template'!$A$2:$A$1009)-ROW('sheet template'!$A$2)+1)/('sheet template'!$A$2:$A$1009=$L53),RANDBETWEEN(1,COUNTIF('sheet template'!$A$2:$A$1009,$L53))),0),""))} -> 3 | AE53: Umpan Balik 360° tentang "Rasa Ingin Tahu" | AF53: Mengukur persepsi rekan tentang seberapa tulus rasa ingin tahu Anda. | AG53: Kuesioner: "Dia benar-benar tertarik memahami saya", "Pertanyaannya membuat saya merasa dihargai". Pre & post dari 5 responden. | AH53: Dua laporan; target peningkatan rata-rata ≥1 poin. | AI53: Bulan 1–12 | AJ53: Per bulan | AK53: Peningkatan rata-rata ≥1 poin. Dokumentasi hasil pre dan post | AL53: {=IF($L53="","",IFERROR(INDEX('sheet template'!$F$2:$M$1009,_xlfn.AGGREGATE(15,6,(ROW('sheet template'!$A$2:$A$1009)-ROW('sheet template'!$A$2)+1)/('sheet template'!$A$2:$A$1009=$L53),RANDBETWEEN(1,COUNTIF('sheet template'!$A$2:$A$1009,$L53))),0),""))} -> 1 | AM53: "Curiosity Circle" dengan Rekan Lintas Fungsi | AN53: Mempraktikkan rasa ingin tahu tulus dengan orang-orang dari latar belakang berbeda. | AO53: Bentuk kelompok 4 orang dari berbagai fungsi. Setiap bulan, satu orang menjadi "narasumber" tentang perjalanan karier dan motivasi mereka. Anggota lain hanya bertanya—tidak memberi saran. | AP53: 8 sesi; catatan tentang insight baru yang diperoleh; umpan balik dari narasumber. | AQ53: Bulan 1–12 | AR53: Per bulan | AS53: Setiap peserta mendapat skor ≥4 untuk "rasa ingin tahu yang tulus" dari narasumber. Review catatan insight oleh mentor
A54: Developing Others | B54: =IFERROR(INDEX(panduan!$C$3:$H$16,MATCH(TRIM(A54),panduan!$B$3:$B$16,0),MATCH(TRIM($B$4),panduan!$C$2:$H$2,0)),"") -> 1 | C54: =IFERROR(INDEX(panduan!$C$3:$H$16,MATCH(TRIM(A54),panduan!$B$3:$B$16,0),MATCH(TRIM($B$41),panduan!$C$2:$H$2,0)),"") -> 3 | D54: 3 | E54: =D54-C54 -> 0 | F54: =IF(E54<0,MIN(-E54,4),"") | G54: =IFERROR(INDEX(panduan!$C$167:$G$171,MATCH($F$37,panduan!$B$167:$B$171,0),MATCH($F54,panduan!$C$166:$G$166,0)),"") | H54: =IF(G54="","",SUBSTITUTE(SUBSTITUTE(SUBSTITUTE(SUBSTITUTE(G54,"1","Personal Development"),"2","Education-Based Development"),"3","Relation-Based Development"),"4","Experience-Based Development")) | I54: =IF(E54<0,_xlfn.RANK.EQ(E54,$E$44:$E$57,1)+COUNTIF($E$44:E54,E54)-1,"") | J54: =IF(ISNUMBER(FIND("1",$G54)),$A54&"|"&$B$5&"|1","") | K54: =IF(ISNUMBER(FIND("2",$G54)),$A54&"|"&$B$5&"|2","") | L54: =IF(ISNUMBER(FIND("3",$G54)),$A54&"|"&$B$5&"|3","") | M54: =IF(ISNUMBER(FIND("4",$G54)),$A54&"|"&$B$5&"|4","") | N54: {=IF($J54="","",IFERROR(INDEX('sheet template'!$F$2:$M$1009,_xlfn.AGGREGATE(15,6,(ROW('sheet template'!$A$2:$A$1009)-ROW('sheet template'!$A$2)+1)/('sheet template'!$A$2:$A$1009=$J54),RANDBETWEEN(1,COUNTIF('sheet template'!$A$2:$A$1009,$J54))),0),""))} | V54: {=IF($J54="","",IFERROR(INDEX('sheet template'!$F$2:$M$1009,_xlfn.AGGREGATE(15,6,(ROW('sheet template'!$A$2:$A$1009)-ROW('sheet template'!$A$2)+1)/('sheet template'!$A$2:$A$1009=$J54),RANDBETWEEN(1,COUNTIF('sheet template'!$A$2:$A$1009,$J54))),0),""))} | AD54: =IF($L54="","",IFERROR(INDEX('sheet template'!$F$2:$M$1009,_xlfn.AGGREGATE(15,6,(ROW('sheet template'!$A$2:$A$1009)-ROW('sheet template'!$A$2)+1)/('sheet template'!$A$2:$A$1009=$L54),RANDBETWEEN(1,COUNTIF('sheet template'!$A$2:$A$1009,$L54))),0),"")) | AL54: {=IF($L54="","",IFERROR(INDEX('sheet template'!$F$2:$M$1009,_xlfn.AGGREGATE(15,6,(ROW('sheet template'!$A$2:$A$1009)-ROW('sheet template'!$A$2)+1)/('sheet template'!$A$2:$A$1009=$L54),RANDBETWEEN(1,COUNTIF('sheet template'!$A$2:$A$1009,$L54))),0),""))}
A55: Team Work | B55: =IFERROR(INDEX(panduan!$C$3:$H$16,MATCH(TRIM(A55),panduan!$B$3:$B$16,0),MATCH(TRIM($B$4),panduan!$C$2:$H$2,0)),"") -> 2 | C55: =IFERROR(INDEX(panduan!$C$3:$H$16,MATCH(TRIM(A55),panduan!$B$3:$B$16,0),MATCH(TRIM($B$41),panduan!$C$2:$H$2,0)),"") -> 3 | D55: 4 | E55: =D55-C55 -> 1 | F55: =IF(E55<0,MIN(-E55,4),"") | G55: =IFERROR(INDEX(panduan!$C$167:$G$171,MATCH($F$37,panduan!$B$167:$B$171,0),MATCH($F55,panduan!$C$166:$G$166,0)),"") | H55: =IF(G55="","",SUBSTITUTE(SUBSTITUTE(SUBSTITUTE(SUBSTITUTE(G55,"1","Personal Development"),"2","Education-Based Development"),"3","Relation-Based Development"),"4","Experience-Based Development")) | I55: =IF(E55<0,_xlfn.RANK.EQ(E55,$E$44:$E$57,1)+COUNTIF($E$44:E55,E55)-1,"") | J55: =IF(ISNUMBER(FIND("1",$G55)),$A55&"|"&$B$5&"|1","") | K55: =IF(ISNUMBER(FIND("2",$G55)),$A55&"|"&$B$5&"|2","") | L55: =IF(ISNUMBER(FIND("3",$G55)),$A55&"|"&$B$5&"|3","") | M55: =IF(ISNUMBER(FIND("4",$G55)),$A55&"|"&$B$5&"|4","") | N55: {=IF($J55="","",IFERROR(INDEX('sheet template'!$F$2:$M$1009,_xlfn.AGGREGATE(15,6,(ROW('sheet template'!$A$2:$A$1009)-ROW('sheet template'!$A$2)+1)/('sheet template'!$A$2:$A$1009=$J55),RANDBETWEEN(1,COUNTIF('sheet template'!$A$2:$A$1009,$J55))),0),""))} | V55: {=IF($J55="","",IFERROR(INDEX('sheet template'!$F$2:$M$1009,_xlfn.AGGREGATE(15,6,(ROW('sheet template'!$A$2:$A$1009)-ROW('sheet template'!$A$2)+1)/('sheet template'!$A$2:$A$1009=$J55),RANDBETWEEN(1,COUNTIF('sheet template'!$A$2:$A$1009,$J55))),0),""))} | AD55: =IF($L55="","",IFERROR(INDEX('sheet template'!$F$2:$M$1009,_xlfn.AGGREGATE(15,6,(ROW('sheet template'!$A$2:$A$1009)-ROW('sheet template'!$A$2)+1)/('sheet template'!$A$2:$A$1009=$L55),RANDBETWEEN(1,COUNTIF('sheet template'!$A$2:$A$1009,$L55))),0),"")) | AL55: {=IF($L55="","",IFERROR(INDEX('sheet template'!$F$2:$M$1009,_xlfn.AGGREGATE(15,6,(ROW('sheet template'!$A$2:$A$1009)-ROW('sheet template'!$A$2)+1)/('sheet template'!$A$2:$A$1009=$L55),RANDBETWEEN(1,COUNTIF('sheet template'!$A$2:$A$1009,$L55))),0),""))}
